"name","link","category_link"
"Taylor GS Mini Electric/Acoustic (Koa)","/prod/GSMINI-E-KOA/Taylor-GS-Mini-Electric_Acoustic-(Koa).aspx","http://www.allansbillyhyde.com.au/prodcat/Guitars.aspx"
"Gibson Slingshot Guitar Strap","/prod/ASSS-BLK/Gibson-Slingshot-Guitar-Strap.aspx","http://www.allansbillyhyde.com.au/prodcat/Guitars.aspx"
"Gibson ES-335 Studio 2016 Memphis Semi-Hollow Electric Guitar (Wine Red)","/prod/ESSD16WRNH1/Gibson-ES-335-Studio-2016-Memphis-Semi-Hollow-Electric-Guitar-(Wine-Red).aspx","http://www.allansbillyhyde.com.au/prodcat/Guitars.aspx"
"Mesa Boogie 6L6 GC STR-440 Valve –Pair","/prod/6L6GC STR440 PAIR/Mesa-Boogie-6L6-GC-STR-440-Valve-–Pair.aspx","http://www.allansbillyhyde.com.au/prodcat/Guitars.aspx"
"Mesa Boogie EL84/6BQ5 Russian Valve - Pair","/prod/EL84-6BQ5/Mesa-Boogie-EL84_6BQ5-Russian-Valve---Pair.aspx","http://www.allansbillyhyde.com.au/prodcat/Guitars.aspx"
"Mesa Boogie EL34 STR-447 Valve - (Matched Pair)","/prod/EL34-STR447/Mesa-Boogie-EL34-STR-447-Valve---(Matched-Pair).aspx","http://www.allansbillyhyde.com.au/prodcat/Guitars.aspx"
"Sterling Cutlass Electric Guitar (Seafoam Green)","/prod/CT50-SG/Sterling-Cutlass-Electric-Guitar-(Seafoam-Green).aspx","http://www.allansbillyhyde.com.au/prodcat/Guitars.aspx"
"Sterling Cutlass Electric Guitar (Olympic White)","/prod/CT50-OW/Sterling-Cutlass-Electric-Guitar-(Olympic-White).aspx","http://www.allansbillyhyde.com.au/prodcat/Guitars.aspx"
"Sterling Cutlass Electric Guitar (Fiesta Red)","/prod/CT50-FR/Sterling-Cutlass-Electric-Guitar-(Fiesta-Red).aspx","http://www.allansbillyhyde.com.au/prodcat/Guitars.aspx"
"Sterling Cutlass Electric Guitar (Black)","/prod/CT50-B/Sterling-Cutlass-Electric-Guitar-(Black).aspx","http://www.allansbillyhyde.com.au/prodcat/Guitars.aspx"
"Sterling Cutlass Electric Guitar (3 Tone Sunburst)","/prod/CT50-3TS/Sterling-Cutlass-Electric-Guitar-(3-Tone-Sunburst).aspx","http://www.allansbillyhyde.com.au/prodcat/Guitars.aspx"
"SUB Silo3 Silhouette Electric Guitar (White)","/prod/SILO3-W/SUB-Silo3-Silhouette-Electric-Guitar-(White).aspx","http://www.allansbillyhyde.com.au/prodcat/Guitars.aspx"
"SUB Silo3 Silhouette Electric Guitar (Tobacco Sunburst)","/prod/SILO3-TBS/SUB-Silo3-Silhouette-Electric-Guitar-(Tobacco-Sunburst).aspx","http://www.allansbillyhyde.com.au/prodcat/Guitars.aspx"
"SUB Silo3 Silhouette Electric Guitar (Red)","/prod/SILO3-MR/SUB-Silo3-Silhouette-Electric-Guitar-(Red).aspx","http://www.allansbillyhyde.com.au/prodcat/Guitars.aspx"
"SUB Silo3 Silhouette Electric Guitar (Black)","/prod/SILO3-BLK/SUB-Silo3-Silhouette-Electric-Guitar-(Black).aspx","http://www.allansbillyhyde.com.au/prodcat/Guitars.aspx"
"Ibanez PS1CM Paul Stanley Signature Electric Guitar","/prod/4600803/Ibanez-PS1CM-Paul-Stanley-Signature-Electric-Guitar.aspx","http://www.allansbillyhyde.com.au/prodcat/Guitars.aspx"
"Gibson Les Paul Traditional T 2017 Honey Burst Nickel","/prod/LPTD17HBNH1/Gibson-Les-Paul-Traditional-T-2017-Honey-Burst-Nickel.aspx","http://www.allansbillyhyde.com.au/prodcat/Guitars.aspx"
"Gibson Les Paul Traditional T 2017 Heritage Cherry Sunburst Nickel","/prod/LPTD17HSNH1/Gibson-Les-Paul-Traditional-T-2017-Heritage-Cherry-Sunburst-Nickel.aspx","http://www.allansbillyhyde.com.au/prodcat/Guitars.aspx"
"Gibson Les Paul Classic T 2017 Heritage Cherry Sunburst Nickel","/prod/LPCS17HSNH1/Gibson-Les-Paul-Classic-T-2017-Heritage-Cherry-Sunburst-Nickel.aspx","http://www.allansbillyhyde.com.au/prodcat/Guitars.aspx"
"Gibson Les Paul Classic T 2017 Gold Top Nickel","/prod/LPCS17GTNH1/Gibson-Les-Paul-Classic-T-2017-Gold-Top-Nickel.aspx","http://www.allansbillyhyde.com.au/prodcat/Guitars.aspx"
"Gibson Explorer T in Heritage Cherry Chrome","/prod/DSX17HCCH1/Gibson-Explorer-T-in-Heritage-Cherry-Chrome.aspx","http://www.allansbillyhyde.com.au/prodcat/Guitars.aspx"
"Epiphone® Les Paul® Custom PRO Left Handed Electric Guitar (Ebony)","/prod/ENCTLEBGH1/Epiphone®-Les-Paul®-Custom-PRO-Left-Handed-Electric-Guitar-(Ebony).aspx","http://www.allansbillyhyde.com.au/prodcat/Guitars.aspx"
"Epiphone® Les Paul® Custom PRO Electric Guitar (Ebony)","/prod/ENCTEBGH1/Epiphone®-Les-Paul®-Custom-PRO-Electric-Guitar-(Ebony).aspx","http://www.allansbillyhyde.com.au/prodcat/Guitars.aspx"
"Epiphone® Les Paul® Custom PRO Electric Guitar (Alpine White)","/prod/ENCTAWGH1/Epiphone®-Les-Paul®-Custom-PRO-Electric-Guitar-(Alpine-White).aspx","http://www.allansbillyhyde.com.au/prodcat/Guitars.aspx"
"Epiphone® Les Paul® Standard Left Handed Electric Guitar (Ebony)","/prod/ENSLEBCH1/Epiphone®-Les-Paul®-Standard-Left-Handed-Electric-Guitar-(Ebony).aspx","http://www.allansbillyhyde.com.au/prodcat/Guitars.aspx"
"Epiphone Blueshawk Deluxe (Wine Red)","/prod/EDBCWRNH3/Epiphone-Blueshawk-Deluxe-(Wine-Red).aspx","http://www.allansbillyhyde.com.au/prodcat/Guitars.aspx"
"Epiphone Blueshawk Deluxe (Midnight Saphire)","/prod/EDBCMSNH3/Epiphone-Blueshawk-Deluxe-(Midnight-Saphire).aspx","http://www.allansbillyhyde.com.au/prodcat/Guitars.aspx"
"Epiphone  Blueshawk Deluxe (Transparent Black)","/prod/EDBCTBNH3/Epiphone--Blueshawk-Deluxe-(Transparent-Black).aspx","http://www.allansbillyhyde.com.au/prodcat/Guitars.aspx"
"Epiphone Pro-1 Classic Nylon 3/4 Size Nylon String Guitar","/prod/EAC3ANCH1/Epiphone-Pro-1-Classic-Nylon-3_4-Size-Nylon-String-Guitar.aspx","http://www.allansbillyhyde.com.au/prodcat/Guitars.aspx"
"Epiphone Sheraton II Pro Archtop Semi Hollow Body Electric Guitar (Ebony)","/prod/ETSPEBGH1/Epiphone-Sheraton-II-Pro-Archtop-Semi-Hollow-Body-Electric-Guitar-(Ebony).aspx","http://www.allansbillyhyde.com.au/prodcat/Guitars.aspx"
"Orange MD20 Guitar Head & Orange PPC108 1 x 8"" Cabinet Bundle","/prod/MD20BUNDLE/Orange-MD20-Guitar-Head--and--Orange-PPC108-1-x-8-Cabinet-Bundle.aspx","http://www.allansbillyhyde.com.au/prodcat/Guitars.aspx"
"Orange MT20 Guitar Head & Orange PPC108 1 x 8"" Cabinet Bundle","/prod/MT20BUNDLE/Orange-MT20-Guitar-Head--and--Orange-PPC108-1-x-8-Cabinet-Bundle.aspx","http://www.allansbillyhyde.com.au/prodcat/Guitars.aspx"
"Elixir Nanoweb 12-53 Light Acoustic Guitar Strings (3PK)","/prod/EL16545/Elixir-Nanoweb-12-53-Light-Acoustic-Guitar-Strings-(3PK).aspx","http://www.allansbillyhyde.com.au/prodcat/Guitars.aspx"
"Kramer KPBSBKCT1 Baretta Special Electric Guitar (Black)","/prod/KPBSBKCT1/Kramer-KPBSBKCT1-Baretta-Special-Electric-Guitar-(Black).aspx","http://www.allansbillyhyde.com.au/prodcat/Guitars.aspx"
"Tourcraft Acoustic/Electric Guitar Stand","/prod/DG011/Tourcraft-Acoustic_Electric-Guitar-Stand.aspx","http://www.allansbillyhyde.com.au/prodcat/Guitars.aspx"
"Taylor Etched 20oz Pub Glass","/prod/70010/Taylor-Etched-20oz-Pub-Glass.aspx","http://www.allansbillyhyde.com.au/prodcat/Guitars.aspx"
"Tourcraft Gooseneck Basic Guitar Stand","/prod/DG016/Tourcraft-Gooseneck-Basic-Guitar-Stand.aspx","http://www.allansbillyhyde.com.au/prodcat/Guitars.aspx"
"Orange Crush 12 6"" 12w Combo Practice Guitar Amplifer","/prod/CRUSH12/Orange-Crush-12-6-12w-Combo-Practice-Guitar-Amplifer.aspx","http://www.allansbillyhyde.com.au/prodcat/Guitars.aspx"
"Gibson 700L Brite Wires 10-46 Electric Guitar Strings 5 Pack","/prod/SVP-700L/Gibson-700L-Brite-Wires-10-46-Electric-Guitar-Strings-5-Pack.aspx","http://www.allansbillyhyde.com.au/prodcat/Guitars.aspx"
"Aroma AT-355 Chromatic Clip On Tuner","/prod/AT-355/Aroma-AT-355-Chromatic-Clip-On-Tuner.aspx","http://www.allansbillyhyde.com.au/prodcat/Guitars.aspx"
"Tourcraft 6-inch Coloured Patch Cable (Single)","/prod/BC334/Tourcraft-6-inch-Coloured-Patch-Cable-(Single).aspx","http://www.allansbillyhyde.com.au/prodcat/Guitars.aspx"
"G7th Nashville 6-String Guitar Capo","/prod/G7N6/G7th-Nashville-6-String-Guitar-Capo.aspx","http://www.allansbillyhyde.com.au/prodcat/Guitars.aspx"
"Gibson Clear Bucket Guitar Care Kit","/prod/G-CAREKIT1/Gibson-Clear-Bucket-Guitar-Care-Kit.aspx","http://www.allansbillyhyde.com.au/prodcat/Guitars.aspx"
"Elixir Nanoweb 10-46 Light Electric Guitar Strings (3pk)","/prod/EL16542/Elixir-Nanoweb-10-46-Light-Electric-Guitar-Strings-(3pk).aspx","http://www.allansbillyhyde.com.au/prodcat/Guitars.aspx"
"Line 6 Pocket POD Guitar Multi-Effects Processor","/prod/POCKETPOD/Line-6-Pocket-POD-Guitar-Multi-Effects-Processor.aspx","http://www.allansbillyhyde.com.au/prodcat/Guitars.aspx"
"Gibson Les Paul Tribute T Electric Guitar (Faded Honey Burst)","/prod/LPTR17FHNH1/Gibson-Les-Paul-Tribute-T-Electric-Guitar-(Faded-Honey-Burst).aspx","http://www.allansbillyhyde.com.au/prodcat/Guitars.aspx"
"Gibson SG Faded T Electric Guitar (Worn Cherry)","/prod/SGF17WCNH1/Gibson-SG-Faded-T-Electric-Guitar-(Worn-Cherry).aspx","http://www.allansbillyhyde.com.au/prodcat/Guitars.aspx"
"Gibson Les Paul Faded T Electric Guitar (Worn Brown)","/prod/LPF17WBNH1/Gibson-Les-Paul-Faded-T-Electric-Guitar-(Worn-Brown).aspx","http://www.allansbillyhyde.com.au/prodcat/Guitars.aspx"
"Gibson Les Paul Faded T Electric Guitar (Worn Cherry)","/prod/LPF17WCNH1/Gibson-Les-Paul-Faded-T-Electric-Guitar-(Worn-Cherry).aspx","http://www.allansbillyhyde.com.au/prodcat/Guitars.aspx"
"Gibson SG Faded HP Electric Guitar (Worn Cherry)","/prod/HSGF17WCCH1/Gibson-SG-Faded-HP-Electric-Guitar-(Worn-Cherry).aspx","http://www.allansbillyhyde.com.au/prodcat/Guitars.aspx"
"Gibson Les Paul Standard T Electric Guitar (Bourbon Burst)","/prod/LPS17B8CH1/Gibson-Les-Paul-Standard-T-Electric-Guitar-(Bourbon-Burst).aspx","http://www.allansbillyhyde.com.au/prodcat/Guitars.aspx"
"Gibson Les Paul Standard HP Electric Guitar (Heritage Cherry Sunburst)","/prod/HLPS17HSCH1/Gibson-Les-Paul-Standard-HP-Electric-Guitar-(Heritage-Cherry-Sunburst).aspx","http://www.allansbillyhyde.com.au/prodcat/Guitars.aspx"
"Gibson SG Standard HP Electric Guitar (Heritage Cherry)","/prod/HSGS17HCCH1/Gibson-SG-Standard-HP-Electric-Guitar-(Heritage-Cherry).aspx","http://www.allansbillyhyde.com.au/prodcat/Guitars.aspx"
"Gibson Les Paul Faded HP Electric Guitar (Worn Cherry)","/prod/HLPF17WCCH1/Gibson-Les-Paul-Faded-HP-Electric-Guitar-(Worn-Cherry).aspx","http://www.allansbillyhyde.com.au/prodcat/Guitars.aspx"
"Gibson SG Standard T Electric Guitar (Ebony)","/prod/SGS17EBCH1/Gibson-SG-Standard-T-Electric-Guitar-(Ebony).aspx","http://www.allansbillyhyde.com.au/prodcat/Guitars.aspx"
"Gibson SG Standard T Electric Guitar (Heritage Cherry)","/prod/SGS17HCCH1/Gibson-SG-Standard-T-Electric-Guitar-(Heritage-Cherry).aspx","http://www.allansbillyhyde.com.au/prodcat/Guitars.aspx"
"Gibson Firebird Studio T Electric Guitar (Pelham Blue)","/prod/DSFS17PBCH1/Gibson-Firebird-Studio-T-Electric-Guitar-(Pelham-Blue).aspx","http://www.allansbillyhyde.com.au/prodcat/Guitars.aspx"
"Gibson Firebird Studio T Electric Guitar (Vintage Sunburst)","/prod/DSFS17VSCH1/Gibson-Firebird-Studio-T-Electric-Guitar-(Vintage-Sunburst).aspx","http://www.allansbillyhyde.com.au/prodcat/Guitars.aspx"
"Gibson SG Special T Electric Guitar (Satin Vintage Sunburst)","/prod/SGSP17SVNH1/Gibson-SG-Special-T-Electric-Guitar-(Satin-Vintage-Sunburst).aspx","http://www.allansbillyhyde.com.au/prodcat/Guitars.aspx"
"Gibson Les Paul Tribute T Electric Guitar (Satin Gold Top)","/prod/LPTR17SGNH1/Gibson-Les-Paul-Tribute-T-Electric-Guitar-(Satin-Gold-Top).aspx","http://www.allansbillyhyde.com.au/prodcat/Guitars.aspx"
"Gibson SG Faded T Electric Guitar (Worn Brown)","/prod/SGF17WBNH1/Gibson-SG-Faded-T-Electric-Guitar-(Worn-Brown).aspx","http://www.allansbillyhyde.com.au/prodcat/Guitars.aspx"
"Gibon Flying V Traditional Electric Guitar (Ebony)","/prod/DSV17EBCH1/Gibon-Flying-V-Traditional-Electric-Guitar-(Ebony).aspx","http://www.allansbillyhyde.com.au/prodcat/Guitars.aspx"
"Gibson Explorer T Electric Guitar (Ebony)","/prod/DSX17EBCH1/Gibson-Explorer-T-Electric-Guitar-(Ebony).aspx","http://www.allansbillyhyde.com.au/prodcat/Guitars.aspx"
"Gibson Firebird T Electric Guitar (Vintage Sunburst)","/prod/DSFR17VSCH1/Gibson-Firebird-T-Electric-Guitar-(Vintage-Sunburst).aspx","http://www.allansbillyhyde.com.au/prodcat/Guitars.aspx"
"Gibson SG Special T Electric Guitar (Satin Cherry)","/prod/SGSP17SCNH1/Gibson-SG-Special-T-Electric-Guitar-(Satin-Cherry).aspx","http://www.allansbillyhyde.com.au/prodcat/Guitars.aspx"
"Gibson Les Paul Standard T Electric Guitar (Honey Burst)","/prod/LPS17HBCH1/Gibson-Les-Paul-Standard-T-Electric-Guitar-(Honey-Burst).aspx","http://www.allansbillyhyde.com.au/prodcat/Guitars.aspx"
"Gibson Les Paul Standard T Electric Guitar (Heritage Cherry Sunburst)","/prod/LPS17HSCH1/Gibson-Les-Paul-Standard-T-Electric-Guitar-(Heritage-Cherry-Sunburst).aspx","http://www.allansbillyhyde.com.au/prodcat/Guitars.aspx"
"Orange Micro Dark 20w Guitar Amplifier Head","/prod/MD20/Orange-Micro-Dark-20w-Guitar-Amplifier-Head.aspx","http://www.allansbillyhyde.com.au/prodcat/Guitars.aspx"
"Orange Micro Terror 20w Guitar Amplifier Head","/prod/MT20/Orange-Micro-Terror-20w-Guitar-Amplifier-Head.aspx","http://www.allansbillyhyde.com.au/prodcat/Guitars.aspx"
"Gibson 24"" Bar Stool","/prod/GA-24STOOL/Gibson-24-Bar-Stool.aspx","http://www.allansbillyhyde.com.au/prodcat/Guitars.aspx"
"Gibson Hummingbird Cutaway Pro (Vintage Sunburst)","/prod/SSCPVSNP1/Gibson-Hummingbird-Cutaway-Pro-(Vintage-Sunburst).aspx","http://www.allansbillyhyde.com.au/prodcat/Guitars.aspx"
"Gibson Les Paul Standard Electric Guitar 2016 (Light Burst)","/prod/LPNSTDPLBCH1/Gibson-Les-Paul-Standard-Electric-Guitar-2016-(Light-Burst).aspx","http://www.allansbillyhyde.com.au/prodcat/Guitars.aspx"
"Gibson Les Paul® Standard Plus Electric Guitar (Desert Burst)","/prod/LPNSTDPDBCH1/Gibson-Les-Paul®-Standard-Plus-Electric-Guitar-(Desert-Burst).aspx","http://www.allansbillyhyde.com.au/prodcat/Guitars.aspx"
"Gibson Les Paul® Standard Plus Electric Guitar (Tea Burst)","/prod/LPNSTDPTSCH1/Gibson-Les-Paul®-Standard-Plus-Electric-Guitar-(Tea-Burst).aspx","http://www.allansbillyhyde.com.au/prodcat/Guitars.aspx"
"Gibson Les Paul 2016 Standard Electric Guitar (Trans Amber)","/prod/LPNSTDPTACH1/Gibson-Les-Paul-2016-Standard-Electric-Guitar-(Trans-Amber).aspx","http://www.allansbillyhyde.com.au/prodcat/Guitars.aspx"
"Gibson Les Paul 2016 Standard Electric Guitar (Heritage Cherry Sunburst)","/prod/LPNSTDPHSCH1/Gibson-Les-Paul-2016-Standard-Electric-Guitar-(Heritage-Cherry-Sunburst).aspx","http://www.allansbillyhyde.com.au/prodcat/Guitars.aspx"
"Gibson Les Paul Standard T 2016 Electric Guitar (Honey Burst)","/prod/LPNSTDPHBCH1/Gibson-Les-Paul-Standard-T-2016-Electric-Guitar-(Honey-Burst).aspx","http://www.allansbillyhyde.com.au/prodcat/Guitars.aspx"
"Gibson Les Paul Standard Electric Guitar 2016 (Fireburst)","/prod/LPNSTDPFBCH1/Gibson-Les-Paul-Standard-Electric-Guitar-2016-(Fireburst).aspx","http://www.allansbillyhyde.com.au/prodcat/Guitars.aspx"
"Gibson Les Paul 2016 Standard Traditional Electric Guitar (Trans Black)","/prod/LPNSTDPBLCH1/Gibson-Les-Paul-2016-Standard-Traditional-Electric-Guitar-(Trans-Black).aspx","http://www.allansbillyhyde.com.au/prodcat/Guitars.aspx"
"Gibson Les Paul 2016 Standard Electric Guitar (Gold Top)","/prod/LPNSTDGTCH1/Gibson-Les-Paul-2016-Standard-Electric-Guitar-(Gold-Top).aspx","http://www.allansbillyhyde.com.au/prodcat/Guitars.aspx"
"Gibson Les Paul 2016 Standard Electric Guitar (Ebony)","/prod/LPNSTDEBCH1/Gibson-Les-Paul-2016-Standard-Electric-Guitar-(Ebony).aspx","http://www.allansbillyhyde.com.au/prodcat/Guitars.aspx"
"Gibson Les Paul Studio Electric Guitar (Ebony w/gold hardware)","/prod/LPSTUEBGH1/Gibson-Les-Paul-Studio-Electric-Guitar-(Ebony-w_gold-hardware).aspx","http://www.allansbillyhyde.com.au/prodcat/Guitars.aspx"
"Gibson Les Paul Studio Electric Guitar (Silver Pearl)","/prod/LPSTUS2CH1/Gibson-Les-Paul-Studio-Electric-Guitar-(Silver-Pearl).aspx","http://www.allansbillyhyde.com.au/prodcat/Guitars.aspx"
"Gibson SG Special Faded Electric Guitar (Worn Brown)","/prod/SGSCWBCH1/Gibson-SG-Special-Faded-Electric-Guitar-(Worn-Brown).aspx","http://www.allansbillyhyde.com.au/prodcat/Guitars.aspx"
"Gibson SG Special Faded Electric Guitar (Worn Cherry)","/prod/SGSCWCCH1/Gibson-SG-Special-Faded-Electric-Guitar-(Worn-Cherry).aspx","http://www.allansbillyhyde.com.au/prodcat/Guitars.aspx"
"Epiphone® Dot™ Studio Ltd. Ed. Archtop Semi Hollow Body Electric Guitar (Cherry)","/prod/EDTSCHCH4/Epiphone®-Dot™-Studio-Ltd.-Ed.-Archtop-Semi-Hollow-Body-Electric-Guitar-(Cherry).aspx","http://www.allansbillyhyde.com.au/prodcat/Guitars.aspx"
"Music Man 130w Reverb Guitar Amplifier Head","/prod/HD130REV/Music-Man-130w-Reverb-Guitar-Amplifier-Head.aspx","http://www.allansbillyhyde.com.au/prodcat/Guitars.aspx"
"Music Man 212HD 130w Guitar Amplifier Combo","/prod/212HD130/Music-Man-212HD-130w-Guitar-Amplifier-Combo.aspx","http://www.allansbillyhyde.com.au/prodcat/Guitars.aspx"
"Music Man 112RD 50w Guitar Amplifier Combo","/prod/112RD50/Music-Man-112RD-50w-Guitar-Amplifier-Combo.aspx","http://www.allansbillyhyde.com.au/prodcat/Guitars.aspx"
"Epiphone® Hummingbird PRO Dreadnought Acoustic/Electric Guitar (Heritage Sunburst)","/prod/EEHBFCNH1/Epiphone®-Hummingbird-PRO-Dreadnought-Acoustic_Electric-Guitar-(Heritage-Sunburst).aspx","http://www.allansbillyhyde.com.au/prodcat/Guitars.aspx"
"Mesa Boogie Dual Rectifier 100w Guitar Amplifier Head (Black)","/prod/2.DR1X.B.LC/Mesa-Boogie-Dual-Rectifier-100w-Guitar-Amplifier-Head-(Black).aspx","http://www.allansbillyhyde.com.au/prodcat/Guitars.aspx"
"Gibson SG Standard Electric Guitar (Heritage Cherry)","/prod/SGS-HCCH1/Gibson-SG-Standard-Electric-Guitar-(Heritage-Cherry).aspx","http://www.allansbillyhyde.com.au/prodcat/Guitars.aspx"
"Orange Crush RT 20w Guitar Combo Amplifier with Reverb & Tuner","/prod/CRUSH20RT/Orange-Crush-RT-20w-Guitar-Combo-Amplifier-with-Reverb--and--Tuner.aspx","http://www.allansbillyhyde.com.au/prodcat/Guitars.aspx"
"Epiphone Bjorn Gelotte Les Paul Custom Electric Guitar","/prod/ENBGEBGH3/Epiphone-Bjorn-Gelotte-Les-Paul-Custom-Electric-Guitar.aspx","http://www.allansbillyhyde.com.au/prodcat/Guitars.aspx"
"Maxwatt 50W Combo Guitar Amplifier","/prod/G50CMR/Maxwatt-50W-Combo-Guitar-Amplifier.aspx","http://www.allansbillyhyde.com.au/prodcat/Guitars.aspx"
"Maxwatt 50W Combo Guitar Amplifier","/prod/G50CMR/Maxwatt-50W-Combo-Guitar-Amplifier.aspx","http://www.allansbillyhyde.com.au/prodcat/Guitars.aspx"
"Line 6 POD HD500X Multi Effects","/prod/PODHD-500X/Line-6-POD-HD500X-Multi-Effects.aspx","http://www.allansbillyhyde.com.au/prodcat/Guitars.aspx"
"Line 6 M5 Stompbox Modeller","/prod/M5-STOMPBOX/Line-6-M5-Stompbox-Modeller.aspx","http://www.allansbillyhyde.com.au/prodcat/Guitars.aspx"
"Line 6 Relay G75 Wireless Guitar System","/prod/G75/Line-6-Relay-G75-Wireless-Guitar-System.aspx","http://www.allansbillyhyde.com.au/prodcat/Guitars.aspx"
"Kramer Baretta Special Electric Guitar (Vintage White)","/prod/KPBSVWCT1/Kramer-Baretta-Special-Electric-Guitar-(Vintage-White).aspx","http://www.allansbillyhyde.com.au/prodcat/Guitars.aspx"
"Line 6 Relay G50 Wireless Guitar System","/prod/G50-RELAY/Line-6-Relay-G50-Wireless-Guitar-System.aspx","http://www.allansbillyhyde.com.au/prodcat/Guitars.aspx"
"Line 6 Relay G30 Wireless Guitar System","/prod/G30/Line-6-Relay-G30-Wireless-Guitar-System.aspx","http://www.allansbillyhyde.com.au/prodcat/Guitars.aspx"
"Line 6 Relay G90 Wireless Guitar System","/prod/753159/Line-6-Relay-G90-Wireless-Guitar-System.aspx","http://www.allansbillyhyde.com.au/prodcat/Guitars.aspx"
"Line 6 POD HD400 Guitar Multi-Effects","/prod/753076/Line-6-POD-HD400-Guitar-Multi-Effects.aspx","http://www.allansbillyhyde.com.au/prodcat/Guitars.aspx"
"Line 6 FBV MKII Shortboard Foot Controller","/prod/753036/Line-6-FBV-MKII-Shortboard-Foot-Controller.aspx","http://www.allansbillyhyde.com.au/prodcat/Guitars.aspx"
"Line 6 FBV Express MKII Footswitch","/prod/753035/Line-6-FBV-Express-MKII-Footswitch.aspx","http://www.allansbillyhyde.com.au/prodcat/Guitars.aspx"
"Gibson SEG-VR10 10-46 Vintage Reissue Light Electric Guitar Strings","/prod/711106532141/Gibson-SEG-VR10-10-46-Vintage-Reissue-Light-Electric-Guitar-Strings.aspx","http://www.allansbillyhyde.com.au/prodcat/Guitars.aspx"
"Epiphone Explorer Pro Electric Guitar (TV Silver)","/prod/EXPXTSNH3/Epiphone-Explorer-Pro-Electric-Guitar-(TV-Silver).aspx","http://www.allansbillyhyde.com.au/prodcat/Guitars.aspx"
"Gibson Explorer Electric Guitar (Cherry)","/prod/DSXRCHCH1/Gibson-Explorer-Electric-Guitar-(Cherry).aspx","http://www.allansbillyhyde.com.au/prodcat/Guitars.aspx"
"Taylor 756CE 12-String Acoustic/Electric Guitar","/prod/756CE/Taylor-756CE-12-String-Acoustic_Electric-Guitar.aspx","http://www.allansbillyhyde.com.au/prodcat/Guitars.aspx"
"Taylor 522E 12-Fret Grand Concert Acoustic/Electric Guitar","/prod/522E-12FRET/Taylor-522E-12-Fret-Grand-Concert-Acoustic_Electric-Guitar.aspx","http://www.allansbillyhyde.com.au/prodcat/Guitars.aspx"
"Taylor 360E Dreadnought 12-String Special Edition Acoustic/Electric Guitar","/prod/360E/Taylor-360E-Dreadnought-12-String-Special-Edition-Acoustic_Electric-Guitar.aspx","http://www.allansbillyhyde.com.au/prodcat/Guitars.aspx"
"Taylor 150E Dreadnought 12-String Left Handed Acoustic/Electric Guitar","/prod/150E-LH/Taylor-150E-Dreadnought-12-String-Left-Handed-Acoustic_Electric-Guitar.aspx","http://www.allansbillyhyde.com.au/prodcat/Guitars.aspx"
"Epiphone Masterbilt Century Zenith Classic Acoustic/Electric Guitar (Vintage Sunburst)","/prod/ETZ2VSNH1/Epiphone-Masterbilt-Century-Zenith-Classic-Acoustic_Electric-Guitar-(Vintage-Sunburst).aspx","http://www.allansbillyhyde.com.au/prodcat/Guitars.aspx"
"Epiphone Masterbilt Century Zenith Classic Acoustic/Electric Guitar (Vintage Natural)","/prod/ETZ2VNNH1/Epiphone-Masterbilt-Century-Zenith-Classic-Acoustic_Electric-Guitar-(Vintage-Natural).aspx","http://www.allansbillyhyde.com.au/prodcat/Guitars.aspx"
"Epiphone Masterbilt Century Zenith Acoustic/Electric Guitar (Vintage Sunburst)","/prod/ETZ1VSNH1/Epiphone-Masterbilt-Century-Zenith-Acoustic_Electric-Guitar-(Vintage-Sunburst).aspx","http://www.allansbillyhyde.com.au/prodcat/Guitars.aspx"
"Epiphone Masterbilt Century Zenith Acoustic/Electric Guitar (Vintage Natural)","/prod/ETZ1VNNH1/Epiphone-Masterbilt-Century-Zenith-Acoustic_Electric-Guitar-(Vintage-Natural).aspx","http://www.allansbillyhyde.com.au/prodcat/Guitars.aspx"
"Epiphone Masterbilt Century Olympic Acoustic/Electric Guitar (Violin Burst)","/prod/ETOLVBNH1/Epiphone-Masterbilt-Century-Olympic-Acoustic_Electric-Guitar-(Violin-Burst).aspx","http://www.allansbillyhyde.com.au/prodcat/Guitars.aspx"
"Epiphone Masterbilt Century Olympic Acoustic/Electric Guitar (Honey Burst)","/prod/ETOLHBNH1/Epiphone-Masterbilt-Century-Olympic-Acoustic_Electric-Guitar-(Honey-Burst).aspx","http://www.allansbillyhyde.com.au/prodcat/Guitars.aspx"
"Epiphone Masterbilt Century Deluxe Classic Acoustic/Electric Guitar (Vintage Sunburst)","/prod/ETD2VSNH1/Epiphone-Masterbilt-Century-Deluxe-Classic-Acoustic_Electric-Guitar-(Vintage-Sunburst).aspx","http://www.allansbillyhyde.com.au/prodcat/Guitars.aspx"
"Epiphone Masterbilt Century Deluxe Classic Acoustic/Electric Guitar (Vintage Natural)","/prod/ETD2VNNH1/Epiphone-Masterbilt-Century-Deluxe-Classic-Acoustic_Electric-Guitar-(Vintage-Natural).aspx","http://www.allansbillyhyde.com.au/prodcat/Guitars.aspx"
"Epiphone Masterbilt Century Deluxe Acoustic/Electric Guitar (Vintage Sunburst)","/prod/ETD1VSNH1/Epiphone-Masterbilt-Century-Deluxe-Acoustic_Electric-Guitar-(Vintage-Sunburst).aspx","http://www.allansbillyhyde.com.au/prodcat/Guitars.aspx"
"Epiphone Masterbilt Century Deluxe Acoustic/Electric Guitar (Vintage Natural)","/prod/ETD1VNNH1/Epiphone-Masterbilt-Century-Deluxe-Acoustic_Electric-Guitar-(Vintage-Natural).aspx","http://www.allansbillyhyde.com.au/prodcat/Guitars.aspx"
"Epiphone Century 1966 Electric Guitar (Aged Gloss Vintage Sunburst)","/prod/ETCNVSNH1/Epiphone-Century-1966-Electric-Guitar-(Aged-Gloss-Vintage-Sunburst).aspx","http://www.allansbillyhyde.com.au/prodcat/Guitars.aspx"
"Epiphone Century 1966 Electric Guitar (Aged Gloss Cherry)","/prod/ETCNCHNH1/Epiphone-Century-1966-Electric-Guitar-(Aged-Gloss-Cherry).aspx","http://www.allansbillyhyde.com.au/prodcat/Guitars.aspx"
"Orange AD30TC 30w 2x12"" Combo Guitar Amplifier","/prod/AD30TC/Orange-AD30TC-30w-2x12-Combo-Guitar-Amplifier.aspx","http://www.allansbillyhyde.com.au/prodcat/Guitars.aspx"
"Gibson Les Paul Studio '50s Tribute 2016 T Electric Guitar (Satin Ebony)","/prod/LPST5HTSECH3/Gibson-Les-Paul-Studio-'50s-Tribute-2016-T-Electric-Guitar-(Satin-Ebony).aspx","http://www.allansbillyhyde.com.au/prodcat/Guitars.aspx"
"Gibson Les Paul 2016 Studio 50's Tribute w/Humbuckers Electric Guitar (Vintage Sunburst)","/prod/LPST5HTSVCH3/Gibson-Les-Paul-2016-Studio-50's-Tribute-w_Humbuckers-Electric-Guitar-(Vintage-Sunburst).aspx","http://www.allansbillyhyde.com.au/prodcat/Guitars.aspx"
"Gibson Les Paul 2016 Studio 50's Tribute Electric Guitar (Honey Burst)","/prod/LPST5HTHDCH3/Gibson-Les-Paul-2016-Studio-50's-Tribute-Electric-Guitar-(Honey-Burst).aspx","http://www.allansbillyhyde.com.au/prodcat/Guitars.aspx"
"Gibson Les Paul Studio 50's Tribute w/Humbuckers 2016 (Gold Top Dark Back)","/prod/LPST5HTGSCH3/Gibson-Les-Paul-Studio-50's-Tribute-w_Humbuckers-2016-(Gold-Top-Dark-Back).aspx","http://www.allansbillyhyde.com.au/prodcat/Guitars.aspx"
"Epiphone Ltd. Ed. Brent Hinds Signature Flying-V Custom Electric Guitar (Silverburst)","/prod/EDBHSBNH3/Epiphone-Ltd.-Ed.-Brent-Hinds-Signature-Flying-V-Custom-Electric-Guitar-(Silverburst).aspx","http://www.allansbillyhyde.com.au/prodcat/Guitars.aspx"
"Line 6 AMPLIFi 75w Combo Guitar Amplifier","/prod/AMPLIFI-75/Line-6-AMPLIFi-75w-Combo-Guitar-Amplifier.aspx","http://www.allansbillyhyde.com.au/prodcat/Guitars.aspx"
"Line 6 AMPLIFi 30w Stereo Combo Guitar Amplifier","/prod/AMPLIFI-30/Line-6-AMPLIFi-30w-Stereo-Combo-Guitar-Amplifier.aspx","http://www.allansbillyhyde.com.au/prodcat/Guitars.aspx"
"Line 6 Spider IV 75w Combo Guitar Amplifier","/prod/SPIDER-IV-75/Line-6-Spider-IV-75w-Combo-Guitar-Amplifier.aspx","http://www.allansbillyhyde.com.au/prodcat/Guitars.aspx"
"Line 6 Micro-Spider 6w Battery Power Amplifier","/prod/MICRO-SPIDER/Line-6-Micro-Spider-6w-Battery-Power-Amplifier.aspx","http://www.allansbillyhyde.com.au/prodcat/Guitars.aspx"
"Line 6 Spider IV 30w Combo Guitar Amplifier","/prod/SPIDER-IV-30/Line-6-Spider-IV-30w-Combo-Guitar-Amplifier.aspx","http://www.allansbillyhyde.com.au/prodcat/Guitars.aspx"
"Line 6 Spider IV 15w Combo Guitar Amplifier","/prod/SPIDER-IV-15/Line-6-Spider-IV-15w-Combo-Guitar-Amplifier.aspx","http://www.allansbillyhyde.com.au/prodcat/Guitars.aspx"
"Gibson Hummingbird Vintage Cherry Sunburst Acoustic Guitar","/prod/SSHBVNGH1/Gibson-Hummingbird-Vintage-Cherry-Sunburst-Acoustic-Guitar.aspx","http://www.allansbillyhyde.com.au/prodcat/Guitars.aspx"
"Taylor Signature Model Taylor Swift Electric/Acoustic Electric Guitar","/prod/TS-BTE-LH/Taylor-Signature-Model-Taylor-Swift-Electric_Acoustic-Electric-Guitar.aspx","http://www.allansbillyhyde.com.au/prodcat/Guitars.aspx"
"Taylor T5z Standard Electric/Acoustic Hybrid Guitar (Balck)","/prod/T5z-STD-BL/Taylor-T5z-Standard-Electric_Acoustic-Hybrid-Guitar-(Balck).aspx","http://www.allansbillyhyde.com.au/prodcat/Guitars.aspx"
"Taylor T5 Standard Electric/Acoustic Hybrid Guitar (Tobacco Sunburst)","/prod/T5STD-TS/Taylor-T5-Standard-Electric_Acoustic-Hybrid-Guitar-(Tobacco-Sunburst).aspx","http://www.allansbillyhyde.com.au/prodcat/Guitars.aspx"
"Taylor T3 Electric/Acoustic Hybrid Guitar w/ Bigsby (Tobacco Sunburst)","/prod/T3B-TSB/Taylor-T3-Electric_Acoustic-Hybrid-Guitar-w_-Bigsby-(Tobacco-Sunburst).aspx","http://www.allansbillyhyde.com.au/prodcat/Guitars.aspx"
"Taylor GS Mini Electric/Acoustic Guitar (Mahogany)","/prod/GSMINI-E-MAH/Taylor-GS-Mini-Electric_Acoustic-Guitar-(Mahogany).aspx","http://www.allansbillyhyde.com.au/prodcat/Guitars.aspx"
"Taylor GS Mini Left Handed Electric/Acoustic Guitar (Koa)","/prod/GSMINI-E-KOA-LH/Taylor-GS-Mini-Left-Handed-Electric_Acoustic-Guitar-(Koa).aspx","http://www.allansbillyhyde.com.au/prodcat/Guitars.aspx"
"Taylor Baby Taylor BT-2E Left Handed Electric/Acoustic Guitar (Mahogany)","/prod/BT-2E-LH/Taylor-Baby-Taylor-BT-2E-Left-Handed-Electric_Acoustic-Guitar-(Mahogany).aspx","http://www.allansbillyhyde.com.au/prodcat/Guitars.aspx"
"Taylor Baby Taylor BT-1E Spruce Top Left Handed Electric/Acoustic Guitar","/prod/BT-1E-LH/Taylor-Baby-Taylor-BT-1E-Spruce-Top-Left-Handed-Electric_Acoustic-Guitar.aspx","http://www.allansbillyhyde.com.au/prodcat/Guitars.aspx"
"Mesa Boogie Rectoverb 25 25w Guitar Amplifier Head (Black)","/prod/2.RV25X.BB/Mesa-Boogie-Rectoverb-25-25w-Guitar-Amplifier-Head-(Black).aspx","http://www.allansbillyhyde.com.au/prodcat/Guitars.aspx"
"Taylor BT-2E Baby Taylor Acoustic/Electric Guitar (Mahogany)","/prod/BT-2E/Taylor-BT-2E-Baby-Taylor-Acoustic_Electric-Guitar-(Mahogany).aspx","http://www.allansbillyhyde.com.au/prodcat/Guitars.aspx"
"Taylor BT-1 Baby Taylor Acoustic Guitar","/prod/BT-1/Taylor-BT-1-Baby-Taylor-Acoustic-Guitar.aspx","http://www.allansbillyhyde.com.au/prodcat/Guitars.aspx"
"Taylor 110CE Dreadnought Left-Handed Cutaway Acoustic Electric Guitar","/prod/110CE-LH/Taylor-110CE-Dreadnought-Left-Handed-Cutaway-Acoustic-Electric-Guitar.aspx","http://www.allansbillyhyde.com.au/prodcat/Guitars.aspx"
"Gibson Les Paul 1960 Reissue VOS Electric Guitar (Washed Cherry)","/prod/LPR04VOWCNH1/Gibson-Les-Paul-1960-Reissue-VOS-Electric-Guitar-(Washed-Cherry).aspx","http://www.allansbillyhyde.com.au/prodcat/Guitars.aspx"
"Gibson Les Paul Custom 1957 True Historic Electric Guitar (Ebony)","/prod/LPB7TVEBGH1/Gibson-Les-Paul-Custom-1957-True-Historic-Electric-Guitar-(Ebony).aspx","http://www.allansbillyhyde.com.au/prodcat/Guitars.aspx"
"Gibson SJ-100 Walnut Acoustic/Electric Guitar (Honey Burst)","/prod/SJ10CWNA1/Gibson-SJ-100-Walnut-Acoustic_Electric-Guitar-(Honey-Burst).aspx","http://www.allansbillyhyde.com.au/prodcat/Guitars.aspx"
"Gibson J-45 Custom Rosewood Acoustic/Electric Guitar (Vintage Sunburst)","/prod/RS45RCGH1/Gibson-J-45-Custom-Rosewood-Acoustic_Electric-Guitar-(Vintage-Sunburst).aspx","http://www.allansbillyhyde.com.au/prodcat/Guitars.aspx"
"Gibson J-45 Standard Acoustic/Electric Guitar (Vintage Sunburst)","/prod/RS4SVSNP1/Gibson-J-45-Standard-Acoustic_Electric-Guitar-(Vintage-Sunburst).aspx","http://www.allansbillyhyde.com.au/prodcat/Guitars.aspx"
"Gibson J-35 Acoustic/Electric Guitar (Antique Natural)","/prod/RS35ANNP1/Gibson-J-35-Acoustic_Electric-Guitar-(Antique-Natural).aspx","http://www.allansbillyhyde.com.au/prodcat/Guitars.aspx"
"Orange AD30HTC Twin Channel 30w Guitar Amplifier Head (Black)","/prod/AD30HTCBLK/Orange-AD30HTC-Twin-Channel-30w-Guitar-Amplifier-Head-(Black).aspx","http://www.allansbillyhyde.com.au/prodcat/Guitars.aspx"
"Gibson Custom Les Paul Standard Historic 1958 Gloss Finish (Ice Tea) 2016","/prod/LPR84ITNH1/Gibson-Custom-Les-Paul-Standard-Historic-1958-Gloss-Finish-(Ice-Tea)-2016.aspx","http://www.allansbillyhyde.com.au/prodcat/Guitars.aspx"
"Gibson Custom Les Paul Standard Historic 1958 VOS Finish (Washed Cherry) 2016","/prod/LPR84VOWCNH1/Gibson-Custom-Les-Paul-Standard-Historic-1958-VOS-Finish-(Washed-Cherry)-2016.aspx","http://www.allansbillyhyde.com.au/prodcat/Guitars.aspx"
"Gibson Custom Les Paul Standard Historic 1958 VOS Finish (Lemon Burst) 2016","/prod/LPR84VOLBNH1/Gibson-Custom-Les-Paul-Standard-Historic-1958-VOS-Finish-(Lemon-Burst)-2016.aspx","http://www.allansbillyhyde.com.au/prodcat/Guitars.aspx"
"Gibson Custom Les Paul Standard Historic 1958 VOS Finish (Ice Tea) 2016","/prod/LPR84VOITNH1/Gibson-Custom-Les-Paul-Standard-Historic-1958-VOS-Finish-(Ice-Tea)-2016.aspx","http://www.allansbillyhyde.com.au/prodcat/Guitars.aspx"
"Gibson Custom 1959 Les Paul Standard VOS (Washed Cherry) 2016","/prod/LPR94VOWCNH1/Gibson-Custom-1959-Les-Paul-Standard-VOS-(Washed-Cherry)-2016.aspx","http://www.allansbillyhyde.com.au/prodcat/Guitars.aspx"
"Gibson Custom 1959 Les Paul Standard VOS (Sunset Tea Burst) 2016","/prod/LPR94VOSTBNH1/Gibson-Custom-1959-Les-Paul-Standard-VOS-(Sunset-Tea-Burst)-2016.aspx","http://www.allansbillyhyde.com.au/prodcat/Guitars.aspx"
"Gibson Custom 1959 Les Paul Standard VOS (Lemon Burst) 2016","/prod/LPR94VOLBNH1/Gibson-Custom-1959-Les-Paul-Standard-VOS-(Lemon-Burst)-2016.aspx","http://www.allansbillyhyde.com.au/prodcat/Guitars.aspx"
"Gibson Custom 1959 Les Paul Standard VOS (Ice Tea) 2016","/prod/LPR94VOITNH1/Gibson-Custom-1959-Les-Paul-Standard-VOS-(Ice-Tea)-2016.aspx","http://www.allansbillyhyde.com.au/prodcat/Guitars.aspx"
"Gibson Custom 1959 Les Paul Standard VOS (Faded Tobacco) 2016","/prod/LPR94VOFTNH1/Gibson-Custom-1959-Les-Paul-Standard-VOS-(Faded-Tobacco)-2016.aspx","http://www.allansbillyhyde.com.au/prodcat/Guitars.aspx"
"Gibson ES-Les Paul 2016 Memphis ES-LP Semi-Hollow Electric Guitar (Ebony)","/prod/ESLP16EBNH1/Gibson-ES-Les-Paul-2016-Memphis-ES-LP-Semi-Hollow-Electric-Guitar-(Ebony).aspx","http://www.allansbillyhyde.com.au/prodcat/Guitars.aspx"
"Gibson ES-339 Satin Finish 2016 Memphis Semi-Hollow Acoustic/Electric Guitar (Ebony)","/prod/ES39S16EBNH1/Gibson-ES-339-Satin-Finish-2016-Memphis-Semi-Hollow-Acoustic_Electric-Guitar-(Ebony).aspx","http://www.allansbillyhyde.com.au/prodcat/Guitars.aspx"
"Gibson ES-339 Studio 2016 Memphis Semi-Hollow Acoustic/Electric Guitar (Wine Red)","/prod/ES39D16WRNH1/Gibson-ES-339-Studio-2016-Memphis-Semi-Hollow-Acoustic_Electric-Guitar-(Wine-Red).aspx","http://www.allansbillyhyde.com.au/prodcat/Guitars.aspx"
"Gibson ES-339 Studio 2016 Memphis Semi-Hollow Acoustic/Electric Guitar (Ginger Burst)","/prod/ES39D16GBNH1/Gibson-ES-339-Studio-2016-Memphis-Semi-Hollow-Acoustic_Electric-Guitar-(Ginger-Burst).aspx","http://www.allansbillyhyde.com.au/prodcat/Guitars.aspx"
"Gibson ES-339 Semi-Hollow 2016 Memphis Acoustic/Electric Guitar (Sunset Burst)","/prod/ES33916SBNH1/Gibson-ES-339-Semi-Hollow-2016-Memphis-Acoustic_Electric-Guitar-(Sunset-Burst).aspx","http://www.allansbillyhyde.com.au/prodcat/Guitars.aspx"
"Gibson ES-339 Satin Finish 2016 Memphis Semi-Hollow Acoustic/Electric Guitar (Cherry)","/prod/ES39S16CHNH1/Gibson-ES-339-Satin-Finish-2016-Memphis-Semi-Hollow-Acoustic_Electric-Guitar-(Cherry).aspx","http://www.allansbillyhyde.com.au/prodcat/Guitars.aspx"
"Gibson ES-339 Semi-Hollow 2016 Memphis Acoustic/Electric Guitar (Faded Cherry)","/prod/ES33916RDNH1/Gibson-ES-339-Semi-Hollow-2016-Memphis-Acoustic_Electric-Guitar-(Faded-Cherry).aspx","http://www.allansbillyhyde.com.au/prodcat/Guitars.aspx"
"Gibson ES-335 Satin 2016 Memphis Semi-Hollow Electric/Acoustic Guitar (Faded Cherry)","/prod/ESDS16RDNH1/Gibson-ES-335-Satin-2016-Memphis-Semi-Hollow-Electric_Acoustic-Guitar-(Faded-Cherry).aspx","http://www.allansbillyhyde.com.au/prodcat/Guitars.aspx"
"Gibson Figured ES-335 2016 Memphis Semi-Hollow Electric/Acoustic Guitar (Cherry)","/prod/ESDT16CHNH1/Gibson-Figured-ES-335-2016-Memphis-Semi-Hollow-Electric_Acoustic-Guitar-(Cherry).aspx","http://www.allansbillyhyde.com.au/prodcat/Guitars.aspx"
"Gibson Figured ES-335 2016 Memphis Semi-Hollow Electric/Acoustic Guitar (Cherry)","/prod/ESDT16CHNH1/Gibson-Figured-ES-335-2016-Memphis-Semi-Hollow-Electric_Acoustic-Guitar-(Cherry).aspx","http://www.allansbillyhyde.com.au/prodcat/Guitars.aspx"
"Gibson ES-335 2016 Memphis Semi-Hollow Electric/Acoustic Guitar (Faded Light Burst)","/prod/ESDP16FBNH1/Gibson-ES-335-2016-Memphis-Semi-Hollow-Electric_Acoustic-Guitar-(Faded-Light-Burst).aspx","http://www.allansbillyhyde.com.au/prodcat/Guitars.aspx"
"Gibson 1959 ES-175D Vintage 2016 Memphis Hollow Body Electric/Acoustic Guitar (VOS Vintage Natural)","/prod/ES7D16VNNH1/Gibson-1959-ES-175D-Vintage-2016-Memphis-Hollow-Body-Electric_Acoustic-Guitar-(VOS-Vintage-Natural).aspx","http://www.allansbillyhyde.com.au/prodcat/Guitars.aspx"
"Gibson 1959 ES-175D Vintage 2016 Memphis Hollow Electric/Acoustic Guitar (VOS Vintage Burst)","/prod/ES7D16VBNH1/Gibson-1959-ES-175D-Vintage-2016-Memphis-Hollow-Electric_Acoustic-Guitar-(VOS-Vintage-Burst).aspx","http://www.allansbillyhyde.com.au/prodcat/Guitars.aspx"
"Gibson AIGG-910 Pump Guitar Polish","/prod/711106545257/Gibson-AIGG-910-Pump-Guitar-Polish.aspx","http://www.allansbillyhyde.com.au/prodcat/Guitars.aspx"
"Orange Crush RT 35w Guitar Combo Amplifier with Reverb & Tuner (Black)","/prod/CRUSH35RTBLK/Orange-Crush-RT-35w-Guitar-Combo-Amplifier-with-Reverb--and--Tuner-(Black).aspx","http://www.allansbillyhyde.com.au/prodcat/Guitars.aspx"
"Hiwatt Maxwatt FS201 2 Button Footswitch (T SERIES)","/prod/FS201/Hiwatt-Maxwatt-FS201-2-Button-Footswitch-(T-SERIES).aspx","http://www.allansbillyhyde.com.au/prodcat/Guitars.aspx"
"VOX AC4C 1x12 4w Limited Edition Combo Amplifier Tan","/prod/AC4C1-12-TN/VOX-AC4C-1x12-4w-Limited-Edition-Combo-Amplifier-Tan.aspx","http://www.allansbillyhyde.com.au/prodcat/Guitars.aspx"
"VOX AC15 Custom Guitar Amplifier Head","/prod/AC15HW1X/VOX-AC15-Custom-Guitar-Amplifier-Head.aspx","http://www.allansbillyhyde.com.au/prodcat/Guitars.aspx"
"VOX VFS-2A Footswitch","/prod/VFS2A/VOX-VFS-2A-Footswitch.aspx","http://www.allansbillyhyde.com.au/prodcat/Guitars.aspx"
"VOX VT100X 100w Combo Amplifier - Valvetronix Series","/prod/VT100X/VOX-VT100X-100w-Combo-Amplifier---Valvetronix-Series.aspx","http://www.allansbillyhyde.com.au/prodcat/Guitars.aspx"
"VOX VT40X 40w Combo Amplifier - Valvetronix Series","/prod/VT40X/VOX-VT40X-40w-Combo-Amplifier---Valvetronix-Series.aspx","http://www.allansbillyhyde.com.au/prodcat/Guitars.aspx"
"VOX Pathfinder10 - 10w Combo Amplifier","/prod/PATHFINDER10/VOX-Pathfinder10---10w-Combo-Amplifier.aspx","http://www.allansbillyhyde.com.au/prodcat/Guitars.aspx"
"On Stage GPCE5550 Polyfoam Electric Guitar Case","/prod/GPCE5550/On-Stage-GPCE5550-Polyfoam-Electric-Guitar-Case.aspx","http://www.allansbillyhyde.com.au/prodcat/Guitars.aspx"
"Orange Amp Detonator Switcher Pedal","/prod/AMPDETONATOR/Orange-Amp-Detonator-Switcher-Pedal.aspx","http://www.allansbillyhyde.com.au/prodcat/Guitars.aspx"
"Orange 2 Stroke Boost EQ Pedal","/prod/TWOSTROKE/Orange-2-Stroke-Boost-EQ-Pedal.aspx","http://www.allansbillyhyde.com.au/prodcat/Guitars.aspx"
"Epiphone® Firebird Electric Guitar Hard Case","/prod/940-EFBCS/Epiphone®-Firebird-Electric-Guitar-Hard-Case.aspx","http://www.allansbillyhyde.com.au/prodcat/Guitars.aspx"
"D'Addario ECG25 12-52 Chromes Flat Wound Light Electric Guitar Strings","/prod/DAECG25/D'Addario-ECG25-12-52-Chromes-Flat-Wound-Light-Electric-Guitar-Strings.aspx","http://www.allansbillyhyde.com.au/prodcat/Guitars.aspx"
"Hiwatt Maxwatt FS3013 Way Footswitch (G SERIES)","/prod/FS301/Hiwatt-Maxwatt-FS3013-Way-Footswitch-(G-SERIES).aspx","http://www.allansbillyhyde.com.au/prodcat/Guitars.aspx"
"Hiwatt Tube Phaser Pedal - 12AX7 Tube/18v Supply","/prod/TUBEPHASER/Hiwatt-Tube-Phaser-Pedal---12AX7-Tube_18v-Supply.aspx","http://www.allansbillyhyde.com.au/prodcat/Guitars.aspx"
"HiWatt 5W Tube Combo Guitar Amplifier","/prod/T10/HiWatt-5W-Tube-Combo-Guitar-Amplifier.aspx","http://www.allansbillyhyde.com.au/prodcat/Guitars.aspx"
"Maxwatt 100W 1X12 Guitar Amplifier Combo (w/Reverb)","/prod/G100R/Maxwatt-100W-1X12-Guitar-Amplifier-Combo-(w_Reverb).aspx","http://www.allansbillyhyde.com.au/prodcat/Guitars.aspx"
"RockBoard Power Lithium-Ion Battery XL","/prod/RBO-POWER-LTXL/RockBoard-Power-Lithium-Ion-Battery-XL.aspx","http://www.allansbillyhyde.com.au/prodcat/Guitars.aspx"
"RockBoard Power Lithium-Ion Battery","/prod/RBO-POWER-LT/RockBoard-Power-Lithium-Ion-Battery.aspx","http://www.allansbillyhyde.com.au/prodcat/Guitars.aspx"
"RockBoard Power Block Power Supply","/prod/RBO-POWER-BLOCK/RockBoard-Power-Block-Power-Supply.aspx","http://www.allansbillyhyde.com.au/prodcat/Guitars.aspx"
"Orange CR120H Crush Pro 120w Guitar Amplifier Head","/prod/CR120H/Orange-CR120H-Crush-Pro-120w-Guitar-Amplifier-Head.aspx","http://www.allansbillyhyde.com.au/prodcat/Guitars.aspx"
"Taylor GS MINI Grand Symphony Small Body Acoustic Guitar","/prod/GSMINI/Taylor-GS-MINI-Grand-Symphony-Small-Body-Acoustic-Guitar.aspx","http://www.allansbillyhyde.com.au/prodcat/Guitars.aspx"
"Mesa Boogie Rectoverb 25 1x12"" 25w Combo Guitar Amplifier (Black/Cream Tolex)","/prod/1.RV25X.BK.G/Mesa-Boogie-Rectoverb-25-1x12-25w-Combo-Guitar-Amplifier-(Black_Cream-Tolex).aspx","http://www.allansbillyhyde.com.au/prodcat/Guitars.aspx"
"Mesa Boogie TA-30 Transatlantic 30w 2x12"" Combo Guitar Amplifier","/prod/1.T302X.BP.J/Mesa-Boogie-TA-30-Transatlantic-30w-2x12-Combo-Guitar-Amplifier.aspx","http://www.allansbillyhyde.com.au/prodcat/Guitars.aspx"
"Epiphone AJ-220SCE Solid Top Cutaway Acoustic/Electric (Ebony)","/prod/EE2SEBNH3/Epiphone-AJ-220SCE-Solid-Top-Cutaway-Acoustic_Electric-(Ebony).aspx","http://www.allansbillyhyde.com.au/prodcat/Guitars.aspx"
"Epiphone AJ-220SCE Solid Top Cutaway Acoustic/Electric (Natural)","/prod/EE2SNANH1/Epiphone-AJ-220SCE-Solid-Top-Cutaway-Acoustic_Electric-(Natural).aspx","http://www.allansbillyhyde.com.au/prodcat/Guitars.aspx"
"Epiphone® DR-100 Dreadnought Acoustic Guitar (Vintage Sunburst)","/prod/EA10VSCH1/Epiphone®-DR-100-Dreadnought-Acoustic-Guitar-(Vintage-Sunburst).aspx","http://www.allansbillyhyde.com.au/prodcat/Guitars.aspx"
"Epiphone® DR-100 Dreadnought Acoustic Guitar (Ebony)","/prod/EA10EBCH1/Epiphone®-DR-100-Dreadnought-Acoustic-Guitar-(Ebony).aspx","http://www.allansbillyhyde.com.au/prodcat/Guitars.aspx"
"Eastman AC-GA2CE Grand Auditorium w/ Sapele Top, Back, and Side (Electric Acoustic)","/prod/AC-GA2CE/Eastman-AC-GA2CE-Grand-Auditorium-w_-Sapele-Top,-Back,-and-Side-(Electric-Acoustic).aspx","http://www.allansbillyhyde.com.au/prodcat/Guitars.aspx"
"Eastman AC-DR2 Dreadnought Guitar w/ Sapele Top, Back, and Sides","/prod/AC-DR2/Eastman-AC-DR2-Dreadnought-Guitar-w_-Sapele-Top,-Back,-and-Sides.aspx","http://www.allansbillyhyde.com.au/prodcat/Guitars.aspx"
"Epiphone® PRO-1™ Plus Acoustic Guitar (Wine Red)","/prod/EAPPWRCH1/Epiphone®-PRO-1™-Plus-Acoustic-Guitar-(Wine-Red).aspx","http://www.allansbillyhyde.com.au/prodcat/Guitars.aspx"
"Epiphone® PRO-1™ Plus Acoustic Guitar (Vintage Sunburst)","/prod/EAPPVSCH1/Epiphone®-PRO-1™-Plus-Acoustic-Guitar-(Vintage-Sunburst).aspx","http://www.allansbillyhyde.com.au/prodcat/Guitars.aspx"
"Epiphone® PRO-1™ Plus Acoustic Guitar (Natural)","/prod/EAPPNACH1/Epiphone®-PRO-1™-Plus-Acoustic-Guitar-(Natural).aspx","http://www.allansbillyhyde.com.au/prodcat/Guitars.aspx"
"Epiphone® PRO-1™ Plus Acoustic Guitar (Ebony)","/prod/EAPPEBCH1/Epiphone®-PRO-1™-Plus-Acoustic-Guitar-(Ebony).aspx","http://www.allansbillyhyde.com.au/prodcat/Guitars.aspx"
"Tanglewood Discovery 3/4 Size Classical Guitar Pack (Natural)","/prod/TWDBT34-NAT/Tanglewood-Discovery-3_4-Size-Classical-Guitar-Pack-(Natural).aspx","http://www.allansbillyhyde.com.au/prodcat/Guitars.aspx"
"Epiphone Tony Iommi SG Custom Ltd. Left Handed Electric Guitar","/prod/EGTILEBNH3/Epiphone-Tony-Iommi-SG-Custom-Ltd.-Left-Handed-Electric-Guitar.aspx","http://www.allansbillyhyde.com.au/prodcat/Guitars.aspx"
"Epiphone Tony Iommi SG Custom Ltd Electric Guitar","/prod/EGTIEBNH3/Epiphone-Tony-Iommi-SG-Custom-Ltd-Electric-Guitar.aspx","http://www.allansbillyhyde.com.au/prodcat/Guitars.aspx"
"Gibson Les Paul 2016 Traditional Electric Guitar (Desert Burst)","/prod/LPTD+DBCH1/Gibson-Les-Paul-2016-Traditional-Electric-Guitar-(Desert-Burst).aspx","http://www.allansbillyhyde.com.au/prodcat/Guitars.aspx"
"Gibson Les Paul 2016 Studio Electric Guitar (Pelham Blue)","/prod/LPSTUPBCH1/Gibson-Les-Paul-2016-Studio-Electric-Guitar-(Pelham-Blue).aspx","http://www.allansbillyhyde.com.au/prodcat/Guitars.aspx"
"Gibson Les Paul Studio Faded Electric Guitar 2016 (Fireburst)","/prod/LPSTSFCH1/Gibson-Les-Paul-Studio-Faded-Electric-Guitar-2016-(Fireburst).aspx","http://www.allansbillyhyde.com.au/prodcat/Guitars.aspx"
"Gibson Explorer T in Heritage Cherry Chrome","/prod/DSX17HCCH1/Gibson-Explorer-T-in-Heritage-Cherry-Chrome.aspx","http://www.allansbillyhyde.com.au/prodcat/Guitars.aspx"
"Epiphone® Les Paul® Custom PRO Left Handed Electric Guitar (Ebony)","/prod/ENCTLEBGH1/Epiphone®-Les-Paul®-Custom-PRO-Left-Handed-Electric-Guitar-(Ebony).aspx","http://www.allansbillyhyde.com.au/prodcat/Guitars.aspx"
"Epiphone® Les Paul® Custom PRO Electric Guitar (Ebony)","/prod/ENCTEBGH1/Epiphone®-Les-Paul®-Custom-PRO-Electric-Guitar-(Ebony).aspx","http://www.allansbillyhyde.com.au/prodcat/Guitars.aspx"
"Epiphone® Les Paul® Custom PRO Electric Guitar (Alpine White)","/prod/ENCTAWGH1/Epiphone®-Les-Paul®-Custom-PRO-Electric-Guitar-(Alpine-White).aspx","http://www.allansbillyhyde.com.au/prodcat/Guitars.aspx"
"Epiphone® Les Paul® Standard Left Handed Electric Guitar (Ebony)","/prod/ENSLEBCH1/Epiphone®-Les-Paul®-Standard-Left-Handed-Electric-Guitar-(Ebony).aspx","http://www.allansbillyhyde.com.au/prodcat/Guitars.aspx"
"Epiphone Blueshawk Deluxe (Wine Red)","/prod/EDBCWRNH3/Epiphone-Blueshawk-Deluxe-(Wine-Red).aspx","http://www.allansbillyhyde.com.au/prodcat/Guitars.aspx"
"Epiphone Blueshawk Deluxe (Midnight Saphire)","/prod/EDBCMSNH3/Epiphone-Blueshawk-Deluxe-(Midnight-Saphire).aspx","http://www.allansbillyhyde.com.au/prodcat/Guitars.aspx"
"Epiphone  Blueshawk Deluxe (Transparent Black)","/prod/EDBCTBNH3/Epiphone--Blueshawk-Deluxe-(Transparent-Black).aspx","http://www.allansbillyhyde.com.au/prodcat/Guitars.aspx"
"Epiphone Pro-1 Classic Nylon 3/4 Size Nylon String Guitar","/prod/EAC3ANCH1/Epiphone-Pro-1-Classic-Nylon-3_4-Size-Nylon-String-Guitar.aspx","http://www.allansbillyhyde.com.au/prodcat/Guitars.aspx"
"Epiphone Sheraton II Pro Archtop Semi Hollow Body Electric Guitar (Ebony)","/prod/ETSPEBGH1/Epiphone-Sheraton-II-Pro-Archtop-Semi-Hollow-Body-Electric-Guitar-(Ebony).aspx","http://www.allansbillyhyde.com.au/prodcat/Guitars.aspx"
"Orange MD20 Guitar Head & Orange PPC108 1 x 8"" Cabinet Bundle","/prod/MD20BUNDLE/Orange-MD20-Guitar-Head--and--Orange-PPC108-1-x-8-Cabinet-Bundle.aspx","http://www.allansbillyhyde.com.au/prodcat/Guitars.aspx"
"Orange MT20 Guitar Head & Orange PPC108 1 x 8"" Cabinet Bundle","/prod/MT20BUNDLE/Orange-MT20-Guitar-Head--and--Orange-PPC108-1-x-8-Cabinet-Bundle.aspx","http://www.allansbillyhyde.com.au/prodcat/Guitars.aspx"
"Elixir Nanoweb 12-53 Light Acoustic Guitar Strings (3PK)","/prod/EL16545/Elixir-Nanoweb-12-53-Light-Acoustic-Guitar-Strings-(3PK).aspx","http://www.allansbillyhyde.com.au/prodcat/Guitars.aspx"
"Kramer KPBSBKCT1 Baretta Special Electric Guitar (Black)","/prod/KPBSBKCT1/Kramer-KPBSBKCT1-Baretta-Special-Electric-Guitar-(Black).aspx","http://www.allansbillyhyde.com.au/prodcat/Guitars.aspx"
"Tourcraft Acoustic/Electric Guitar Stand","/prod/DG011/Tourcraft-Acoustic_Electric-Guitar-Stand.aspx","http://www.allansbillyhyde.com.au/prodcat/Guitars.aspx"
"Taylor Etched 20oz Pub Glass","/prod/70010/Taylor-Etched-20oz-Pub-Glass.aspx","http://www.allansbillyhyde.com.au/prodcat/Guitars.aspx"
"Tourcraft Gooseneck Basic Guitar Stand","/prod/DG016/Tourcraft-Gooseneck-Basic-Guitar-Stand.aspx","http://www.allansbillyhyde.com.au/prodcat/Guitars.aspx"
"Orange Crush 12 6"" 12w Combo Practice Guitar Amplifer","/prod/CRUSH12/Orange-Crush-12-6-12w-Combo-Practice-Guitar-Amplifer.aspx","http://www.allansbillyhyde.com.au/prodcat/Guitars.aspx"
"Gibson 700L Brite Wires 10-46 Electric Guitar Strings 5 Pack","/prod/SVP-700L/Gibson-700L-Brite-Wires-10-46-Electric-Guitar-Strings-5-Pack.aspx","http://www.allansbillyhyde.com.au/prodcat/Guitars.aspx"
"Aroma AT-355 Chromatic Clip On Tuner","/prod/AT-355/Aroma-AT-355-Chromatic-Clip-On-Tuner.aspx","http://www.allansbillyhyde.com.au/prodcat/Guitars.aspx"
"Epiphone® Les Paul® Acoustic/Electric Ukulele (Vintage Sunburst)","/prod/EULPVSNH3/Epiphone®-Les-Paul®-Acoustic_Electric-Ukulele-(Vintage-Sunburst).aspx","http://www.allansbillyhyde.com.au/prodcat/Folk-and-Bluegrass.aspx"
"Epiphone® Les Paul® Acoustic/Electric Ukulele (Heritage Cherry)","/prod/EULPHSNH1/Epiphone®-Les-Paul®-Acoustic_Electric-Ukulele-(Heritage-Cherry).aspx","http://www.allansbillyhyde.com.au/prodcat/Folk-and-Bluegrass.aspx"
"Cordoba UP100 Concert Ukulele Pack","/prod/145105-UP100/Cordoba-UP100-Concert-Ukulele-Pack.aspx","http://www.allansbillyhyde.com.au/prodcat/Folk-and-Bluegrass.aspx"
"Eastman MD504 A-Style Mandolin w/ Oval Hole","/prod/MD504/Eastman-MD504-A-Style-Mandolin-w_-Oval-Hole.aspx","http://www.allansbillyhyde.com.au/prodcat/Folk-and-Bluegrass.aspx"
"TANGLEWOOD UNION TENOR UKE","/prod/TWU4W/TANGLEWOOD-UNION-TENOR-UKE.aspx","http://www.allansbillyhyde.com.au/prodcat/Folk-and-Bluegrass.aspx"
"Koyama Iceberg Electric Ukulele","/prod/KOYICS/Koyama-Iceberg-Electric-Ukulele.aspx","http://www.allansbillyhyde.com.au/prodcat/Folk-and-Bluegrass.aspx"
"Koyama Roots KCE Electric Ukulele","/prod/KOYROOTKCE/Koyama-Roots-KCE-Electric-Ukulele.aspx","http://www.allansbillyhyde.com.au/prodcat/Folk-and-Bluegrass.aspx"
"Koyama KYM-S11 Ukulele","/prod/KOY11S/Koyama-KYM-S11-Ukulele.aspx","http://www.allansbillyhyde.com.au/prodcat/Folk-and-Bluegrass.aspx"
"Koyama KYM-C11 Ukulele","/prod/KOY11C/Koyama-KYM-C11-Ukulele.aspx","http://www.allansbillyhyde.com.au/prodcat/Folk-and-Bluegrass.aspx"
"Epiphone® MB-100 5 String Banjo (Natural)","/prod/EFB0NACH1/Epiphone®-MB-100-5-String-Banjo-(Natural).aspx","http://www.allansbillyhyde.com.au/prodcat/Folk-and-Bluegrass.aspx"
"Hohner 1896 Marine Band 20 Reed Key G Diatonic Harmonica","/prod/15-M1896086x/Hohner-1896-Marine-Band-20-Reed-Key-G-Diatonic-Harmonica.aspx","http://www.allansbillyhyde.com.au/prodcat/Folk-and-Bluegrass.aspx"
"Hohner 1896 Marine Band 20 Reed Key E Diatonic Harmonica","/prod/15-M1896056x/Hohner-1896-Marine-Band-20-Reed-Key-E-Diatonic-Harmonica.aspx","http://www.allansbillyhyde.com.au/prodcat/Folk-and-Bluegrass.aspx"
"Hohner 1896 Marine Band 20 Reed Key F Diatonic Harmonica","/prod/15-M1896066x/Hohner-1896-Marine-Band-20-Reed-Key-F-Diatonic-Harmonica.aspx","http://www.allansbillyhyde.com.au/prodcat/Folk-and-Bluegrass.aspx"
"Hohner 1896 Marine Band 20 Reed Key D Diatonic Harmonica","/prod/15-M1896036x/Hohner-1896-Marine-Band-20-Reed-Key-D-Diatonic-Harmonica.aspx","http://www.allansbillyhyde.com.au/prodcat/Folk-and-Bluegrass.aspx"
"Hohner 1896 Marine Band 20 Reed Key C Diatonic Harmonica","/prod/15-M18960193X/Hohner-1896-Marine-Band-20-Reed-Key-C-Diatonic-Harmonica.aspx","http://www.allansbillyhyde.com.au/prodcat/Folk-and-Bluegrass.aspx"
"Hohner 1896 Marine Band 20 Reed Key A Diatonic Harmonica","/prod/15-M1896106x/Hohner-1896-Marine-Band-20-Reed-Key-A-Diatonic-Harmonica.aspx","http://www.allansbillyhyde.com.au/prodcat/Folk-and-Bluegrass.aspx"
"Hohner 504 Silver Star 20 Key C Diatonic Harmonica","/prod/15-M50401XS/Hohner-504-Silver-Star-20-Key-C-Diatonic-Harmonica.aspx","http://www.allansbillyhyde.com.au/prodcat/Folk-and-Bluegrass.aspx"
"Hohner Blues Band 559/20 C Diatonic Harmonica","/prod/15-M559S/Hohner-Blues-Band-559_20-C-Diatonic-Harmonica.aspx","http://www.allansbillyhyde.com.au/prodcat/Folk-and-Bluegrass.aspx"
"Hohner Chromonica 64/280 Key C Chromatic Harmonica","/prod/15-62640/Hohner-Chromonica-64_280-Key-C-Chromatic-Harmonica.aspx","http://www.allansbillyhyde.com.au/prodcat/Folk-and-Bluegrass.aspx"
"Colonial Leather Webbing Ukulele Strap (Black)","/prod/WUKE-BK/Colonial-Leather-Webbing-Ukulele-Strap-(Black).aspx","http://www.allansbillyhyde.com.au/prodcat/Folk-and-Bluegrass.aspx"
"Tanglewood TWU7XSPL Cove Creek Concert Ukulele (Spalt Maple)","/prod/TWU7XSPL/Tanglewood-TWU7XSPL-Cove-Creek-Concert-Ukulele-(Spalt-Maple).aspx","http://www.allansbillyhyde.com.au/prodcat/Folk-and-Bluegrass.aspx"
"On Stage GS6000 Folding Ukulele Stand","/prod/OSGS6000B/On-Stage-GS6000-Folding-Ukulele-Stand.aspx","http://www.allansbillyhyde.com.au/prodcat/Folk-and-Bluegrass.aspx"
"Tanglewood TWU1 Union Series Soprano Ukulele","/prod/TWU1/Tanglewood-TWU1-Union-Series-Soprano-Ukulele.aspx","http://www.allansbillyhyde.com.au/prodcat/Folk-and-Bluegrass.aspx"
"Eastman MD505 A-Style Mandolin","/prod/MD505/Eastman-MD505-A-Style-Mandolin.aspx","http://www.allansbillyhyde.com.au/prodcat/Folk-and-Bluegrass.aspx"
"Used - Dobro Etched Palm Tree Resonator Guitar","/prod/SFP423590B/Used---Dobro-Etched-Palm-Tree-Resonator-Guitar.aspx","http://www.allansbillyhyde.com.au/prodcat/Folk-and-Bluegrass.aspx"
"Used - Dobro Etched Palm Tree Resonator Guitar","/prod/SFN112794B/Used---Dobro-Etched-Palm-Tree-Resonator-Guitar.aspx","http://www.allansbillyhyde.com.au/prodcat/Folk-and-Bluegrass.aspx"
"DSL 2.5"" Leather Banjo Strap (Black)","/prod/BANJO-15/DSL-2.5-Leather-Banjo-Strap-(Black).aspx","http://www.allansbillyhyde.com.au/prodcat/Folk-and-Bluegrass.aspx"
"DSL 2.5"" Leather Banjo Strap (Tan/Brown)","/prod/BANJO-16/DSL-2.5-Leather-Banjo-Strap-(Tan_Brown).aspx","http://www.allansbillyhyde.com.au/prodcat/Folk-and-Bluegrass.aspx"
"Hohner Kids Harmonica","/prod/91600/Hohner-Kids-Harmonica.aspx","http://www.allansbillyhyde.com.au/prodcat/Folk-and-Bluegrass.aspx"
"Epiphone® MM-50 Mandolin (Vintage Sunburst)","/prod/EF50VSNH1/Epiphone®-MM-50-Mandolin-(Vintage-Sunburst).aspx","http://www.allansbillyhyde.com.au/prodcat/Folk-and-Bluegrass.aspx"
"Deering Goodtime Two™ 5 String Banjo w/Resonator","/prod/149103-5/Deering-Goodtime-Two™-5-String-Banjo-w_Resonator.aspx","http://www.allansbillyhyde.com.au/prodcat/Folk-and-Bluegrass.aspx"
"Eastman MD615 F-Style Mandolin","/prod/MD615/Eastman-MD615-F-Style-Mandolin.aspx","http://www.allansbillyhyde.com.au/prodcat/Folk-and-Bluegrass.aspx"
"Eastman MD305 A-Style Mandolin","/prod/MD305/Eastman-MD305-A-Style-Mandolin.aspx","http://www.allansbillyhyde.com.au/prodcat/Folk-and-Bluegrass.aspx"
"Hohner 562 Pro Harp 20 Reed Key F Diatonic Harmonica","/prod/15-M564066x/Hohner-562-Pro-Harp-20-Reed-Key-F-Diatonic-Harmonica.aspx","http://www.allansbillyhyde.com.au/prodcat/Folk-and-Bluegrass.aspx"
"Hohner 562 Pro Harp 20 Reed Key C Diatonic Harmonica","/prod/15-M564016x/Hohner-562-Pro-Harp-20-Reed-Key-C-Diatonic-Harmonica.aspx","http://www.allansbillyhyde.com.au/prodcat/Folk-and-Bluegrass.aspx"
"Hohner 560 Special 20 Classic Key A Diatonic Harmonica","/prod/15-M560106x/Hohner-560-Special-20-Classic-Key-A-Diatonic-Harmonica.aspx","http://www.allansbillyhyde.com.au/prodcat/Folk-and-Bluegrass.aspx"
"Hohner 560 Special 20 Classic Key F Diatonic Harmonica","/prod/15-M560066x/Hohner-560-Special-20-Classic-Key-F-Diatonic-Harmonica.aspx","http://www.allansbillyhyde.com.au/prodcat/Folk-and-Bluegrass.aspx"
"Hohner 560 Special 20 Classic Key E Diatonic Harmonica","/prod/15-M560056x/Hohner-560-Special-20-Classic-Key-E-Diatonic-Harmonica.aspx","http://www.allansbillyhyde.com.au/prodcat/Folk-and-Bluegrass.aspx"
"Hohner 560 Special 20 Classic Key C Diatonic Harmonica","/prod/15-M560016x/Hohner-560-Special-20-Classic-Key-C-Diatonic-Harmonica.aspx","http://www.allansbillyhyde.com.au/prodcat/Folk-and-Bluegrass.aspx"
"Hohner 532 Blues Harp 20 Reed Key G Diatonic Harmonica","/prod/15-M533086x/Hohner-532-Blues-Harp-20-Reed-Key-G-Diatonic-Harmonica.aspx","http://www.allansbillyhyde.com.au/prodcat/Folk-and-Bluegrass.aspx"
"Hohner 532 Blues Harp 20 Reed Key D Diatonic Harmonica","/prod/15-M533036x/Hohner-532-Blues-Harp-20-Reed-Key-D-Diatonic-Harmonica.aspx","http://www.allansbillyhyde.com.au/prodcat/Folk-and-Bluegrass.aspx"
"Hohner 532 Blues Harp 20 Reed Key C Diatonic Harmonica","/prod/15-M533016x/Hohner-532-Blues-Harp-20-Reed-Key-C-Diatonic-Harmonica.aspx","http://www.allansbillyhyde.com.au/prodcat/Folk-and-Bluegrass.aspx"
"Eastman MD315 F-Style Mandolin","/prod/MD315/Eastman-MD315-F-Style-Mandolin.aspx","http://www.allansbillyhyde.com.au/prodcat/Folk-and-Bluegrass.aspx"
"Eastman MD515 F-Style Mandolin","/prod/MD515/Eastman-MD515-F-Style-Mandolin.aspx","http://www.allansbillyhyde.com.au/prodcat/Folk-and-Bluegrass.aspx"
"Wittner W836 Taktell Piccolo Metronome (Black)","/prod/00595/Wittner-W836-Taktell-Piccolo-Metronome-(Black).aspx","http://www.allansbillyhyde.com.au/prodcat/Folk-and-Bluegrass.aspx"
"Luna Tattoo Soprano Ukulele w/Bag","/prod/LUUKETATTOO/Luna-Tattoo-Soprano-Ukulele-w_Bag.aspx","http://www.allansbillyhyde.com.au/prodcat/Folk-and-Bluegrass.aspx"
"Luna Tattoo 6-String Baritone Ukulele","/prod/LUUKETAT6/Luna-Tattoo-6-String-Baritone-Ukulele.aspx","http://www.allansbillyhyde.com.au/prodcat/Folk-and-Bluegrass.aspx"
"Luna Maluhia Peace Concert Ukulele w/Pickup & Bag","/prod/LUUKEMALUEL/Luna-Maluhia-Peace-Concert-Ukulele-w_Pickup--and--Bag.aspx","http://www.allansbillyhyde.com.au/prodcat/Folk-and-Bluegrass.aspx"
"Luna Maluhia Peace Concert Ukulele w/Bag","/prod/LUUKEMALU/Luna-Maluhia-Peace-Concert-Ukulele-w_Bag.aspx","http://www.allansbillyhyde.com.au/prodcat/Folk-and-Bluegrass.aspx"
"Luna Hightide Koa Concert Ukulele w/Pickup & Bag","/prod/LUUKEHTCKOA/Luna-Hightide-Koa-Concert-Ukulele-w_Pickup--and--Bag.aspx","http://www.allansbillyhyde.com.au/prodcat/Folk-and-Bluegrass.aspx"
"Luna Hightide Zebra Baritone Ukulele w/Pickup & Bag","/prod/LUUKEHTBZBR/Luna-Hightide-Zebra-Baritone-Ukulele-w_Pickup--and--Bag.aspx","http://www.allansbillyhyde.com.au/prodcat/Folk-and-Bluegrass.aspx"
"Luna Great Wave Soprano Ukulele w/Bag","/prod/LUUKEGWS/Luna-Great-Wave-Soprano-Ukulele-w_Bag.aspx","http://www.allansbillyhyde.com.au/prodcat/Folk-and-Bluegrass.aspx"
"Luna Great Wave Concert Ukulele w/Bag","/prod/LUUKEGWC/Luna-Great-Wave-Concert-Ukulele-w_Bag.aspx","http://www.allansbillyhyde.com.au/prodcat/Folk-and-Bluegrass.aspx"
"Luna Dolphin Concert Ukulele w/Pickup & Bag","/prod/LUUKEDPN/Luna-Dolphin-Concert-Ukulele-w_Pickup--and--Bag.aspx","http://www.allansbillyhyde.com.au/prodcat/Folk-and-Bluegrass.aspx"
"Hohner Fire 32-Key Melodica (Red)","/prod/9432FIRE/Hohner-Fire-32-Key-Melodica-(Red).aspx","http://www.allansbillyhyde.com.au/prodcat/Folk-and-Bluegrass.aspx"
"DSL Leather Ukulele Strap (Saddle Brown/Brown)","/prod/UKSTRAP-17-2/DSL-Leather-Ukulele-Strap-(Saddle-Brown_Brown).aspx","http://www.allansbillyhyde.com.au/prodcat/Folk-and-Bluegrass.aspx"
"DSL Leather Ukulele Strap (Black)","/prod/UKSTRAP-15-1/DSL-Leather-Ukulele-Strap-(Black).aspx","http://www.allansbillyhyde.com.au/prodcat/Folk-and-Bluegrass.aspx"
"Epiphone® MM-50E Mandolin Professional w/Pickup (Vintage Natural)","/prod/EF5EVNNH1/Epiphone®-MM-50E-Mandolin-Professional-w_Pickup-(Vintage-Natural).aspx","http://www.allansbillyhyde.com.au/prodcat/Folk-and-Bluegrass.aspx"
"Aquila GCEA Bionylon Concert Ukulele Strings","/prod/AQ59U/Aquila-GCEA-Bionylon-Concert-Ukulele-Strings.aspx","http://www.allansbillyhyde.com.au/prodcat/Folk-and-Bluegrass.aspx"
"Aquila GCEA Nylgut Baritone Ukulele Strings","/prod/AQ23U/Aquila-GCEA-Nylgut-Baritone-Ukulele-Strings.aspx","http://www.allansbillyhyde.com.au/prodcat/Folk-and-Bluegrass.aspx"
"Aquila GCEA Nylgut Concert Ukulele Strings","/prod/AQ7U/Aquila-GCEA-Nylgut-Concert-Ukulele-Strings.aspx","http://www.allansbillyhyde.com.au/prodcat/Folk-and-Bluegrass.aspx"
"Aquila GCEA Nylgut Soprano Ukulele Strings","/prod/AQ4U/Aquila-GCEA-Nylgut-Soprano-Ukulele-Strings.aspx","http://www.allansbillyhyde.com.au/prodcat/Folk-and-Bluegrass.aspx"
"Aquila DGBE Nylgut Baritone Ukulele Strings","/prod/AQ21U/Aquila-DGBE-Nylgut-Baritone-Ukulele-Strings.aspx","http://www.allansbillyhyde.com.au/prodcat/Folk-and-Bluegrass.aspx"
"Epiphone® 5-String Banjo Hard Case","/prod/940-EH60/Epiphone®-5-String-Banjo-Hard-Case.aspx","http://www.allansbillyhyde.com.au/prodcat/Folk-and-Bluegrass.aspx"
"Palm Beach Hula Ukulele Starter Pack (Yellow Sparkle Burst)","/prod/PBHULAYBS/Palm-Beach-Hula-Ukulele-Starter-Pack-(Yellow-Sparkle-Burst).aspx","http://www.allansbillyhyde.com.au/prodcat/Folk-and-Bluegrass.aspx"
"Palm Beach Hula Ukulele Starter Pack (White Burst)","/prod/PBHULAWS/Palm-Beach-Hula-Ukulele-Starter-Pack-(White-Burst).aspx","http://www.allansbillyhyde.com.au/prodcat/Folk-and-Bluegrass.aspx"
"Palm Beach Hula Ukulele Starter Pack (Green Burst)","/prod/PBHULAGBS/Palm-Beach-Hula-Ukulele-Starter-Pack-(Green-Burst).aspx","http://www.allansbillyhyde.com.au/prodcat/Folk-and-Bluegrass.aspx"
"Palm Beach Hula Soprano Ukulele (Red)","/prod/PBHR/Palm-Beach-Hula-Soprano-Ukulele-(Red).aspx","http://www.allansbillyhyde.com.au/prodcat/Folk-and-Bluegrass.aspx"
"Palm Beach Hula Soprano Ukulele (Green)","/prod/PBHG/Palm-Beach-Hula-Soprano-Ukulele-(Green).aspx","http://www.allansbillyhyde.com.au/prodcat/Folk-and-Bluegrass.aspx"
"Lanikai S-S Soprano Ukulele - Solid Top","/prod/LUSSS/Lanikai-S-S-Soprano-Ukulele---Solid-Top.aspx","http://www.allansbillyhyde.com.au/prodcat/Folk-and-Bluegrass.aspx"
"Epiphone® Dobro® Hound Dog Deluxe Squareneck Guitar w/Pickup (Vintage Brown)","/prod/DWHOUNDLXS/Epiphone®-Dobro®-Hound-Dog-Deluxe-Squareneck-Guitar-w_Pickup-(Vintage-Brown).aspx","http://www.allansbillyhyde.com.au/prodcat/Folk-and-Bluegrass.aspx"
"Epiphone® Dobro® Hound Dog Roundneck Guitar (Vintage Brown)","/prod/DWHOUNDRN/Epiphone®-Dobro®-Hound-Dog-Roundneck-Guitar-(Vintage-Brown).aspx","http://www.allansbillyhyde.com.au/prodcat/Folk-and-Bluegrass.aspx"
"Kealoha U40 Ukulele w/Bag (Black)","/prod/UK40BLACK/Kealoha-U40-Ukulele-w_Bag-(Black).aspx","http://www.allansbillyhyde.com.au/prodcat/Folk-and-Bluegrass.aspx"
"Kealoha U40 Ukulele w/Bag (Green)","/prod/UK40GREEN/Kealoha-U40-Ukulele-w_Bag-(Green).aspx","http://www.allansbillyhyde.com.au/prodcat/Folk-and-Bluegrass.aspx"
"Kealoha U40 Ukulele w/Bag (Natural)","/prod/UK40NAT/Kealoha-U40-Ukulele-w_Bag-(Natural).aspx","http://www.allansbillyhyde.com.au/prodcat/Folk-and-Bluegrass.aspx"
"Kealoha U40 Ukulele w/Bag (Orange)","/prod/UK40ORANGE/Kealoha-U40-Ukulele-w_Bag-(Orange).aspx","http://www.allansbillyhyde.com.au/prodcat/Folk-and-Bluegrass.aspx"
"Kealoha U40 Ukulele w/Bag (Pink)","/prod/UK40PINK/Kealoha-U40-Ukulele-w_Bag-(Pink).aspx","http://www.allansbillyhyde.com.au/prodcat/Folk-and-Bluegrass.aspx"
"Kealoha U40 Ukulele w/Bag (Purple)","/prod/UK40PURPLE/Kealoha-U40-Ukulele-w_Bag-(Purple).aspx","http://www.allansbillyhyde.com.au/prodcat/Folk-and-Bluegrass.aspx"
"Epiphone® MM-30S Mandolin (Antique Sunburst)","/prod/EF30ASGH1/Epiphone®-MM-30S-Mandolin-(Antique-Sunburst).aspx","http://www.allansbillyhyde.com.au/prodcat/Folk-and-Bluegrass.aspx"
"Epiphone® MB-200 5 String Banjo (Red Brown Mahogany)","/prod/EFB1MRCH1/Epiphone®-MB-200-5-String-Banjo-(Red-Brown-Mahogany).aspx","http://www.allansbillyhyde.com.au/prodcat/Folk-and-Bluegrass.aspx"
"Epiphone® Festival F2 Flatiron Mandolin (Cremona Burst)","/prod/FTF2CBNH1/Epiphone®-Festival-F2-Flatiron-Mandolin-(Cremona-Burst).aspx","http://www.allansbillyhyde.com.au/prodcat/Folk-and-Bluegrass.aspx"
"Boss TU-12EX Chromatic Guitar Tuner","/prod/TU12EX/Boss-TU-12EX-Chromatic-Guitar-Tuner.aspx","http://www.allansbillyhyde.com.au/prodcat/Folk-and-Bluegrass.aspx"
"Boss TU-3 Chromatic Guitar Pedal Tuner","/prod/TU3/Boss-TU-3-Chromatic-Guitar-Pedal-Tuner.aspx","http://www.allansbillyhyde.com.au/prodcat/Folk-and-Bluegrass.aspx"
"Boss TU-88 Micro Monitor & Tuner","/prod/TU88BK/Boss-TU-88-Micro-Monitor--and--Tuner.aspx","http://www.allansbillyhyde.com.au/prodcat/Folk-and-Bluegrass.aspx"
"Music MK-37 37-Key Melodica (Blue) w/Case","/prod/MK37/Music-MK-37-37-Key-Melodica-(Blue)-w_Case.aspx","http://www.allansbillyhyde.com.au/prodcat/Folk-and-Bluegrass.aspx"
"Hohner Student 32-Key Melodica (Black)","/prod/9432BLACK/Hohner-Student-32-Key-Melodica-(Black).aspx","http://www.allansbillyhyde.com.au/prodcat/Folk-and-Bluegrass.aspx"
"Hohner Student 32-Key Melodica (Blue)","/prod/9432BLUE/Hohner-Student-32-Key-Melodica-(Blue).aspx","http://www.allansbillyhyde.com.au/prodcat/Folk-and-Bluegrass.aspx"
"Hohner Ocean 32-Key Melodica (Blue)","/prod/9432OCEAN/Hohner-Ocean-32-Key-Melodica-(Blue).aspx","http://www.allansbillyhyde.com.au/prodcat/Folk-and-Bluegrass.aspx"
"Hohner Student 32-Key Melodica (Red)","/prod/9432RED/Hohner-Student-32-Key-Melodica-(Red).aspx","http://www.allansbillyhyde.com.au/prodcat/Folk-and-Bluegrass.aspx"
"Hohner 560 Special 20 Classic Key G#/Ab Diatonic Harmonica","/prod/560AB/Hohner-560-Special-20-Classic-Key-G!_Ab-Diatonic-Harmonica.aspx","http://www.allansbillyhyde.com.au/prodcat/Folk-and-Bluegrass.aspx"
"Hohner 560 Special 20 Classic Key B Diatonic Harmonica","/prod/560B/Hohner-560-Special-20-Classic-Key-B-Diatonic-Harmonica.aspx","http://www.allansbillyhyde.com.au/prodcat/Folk-and-Bluegrass.aspx"
"Hohner 560 Special 20 Classic Key D Diatonic Harmonica","/prod/560D/Hohner-560-Special-20-Classic-Key-D-Diatonic-Harmonica.aspx","http://www.allansbillyhyde.com.au/prodcat/Folk-and-Bluegrass.aspx"
"Lanikai LU-21CE Concert Ukulele With Belcat Preamp","/prod/LULU21CES/Lanikai-LU-21CE-Concert-Ukulele-With-Belcat-Preamp.aspx","http://www.allansbillyhyde.com.au/prodcat/Folk-and-Bluegrass.aspx"
"Tanglewood TWU1-CE Union Series Cutaway Acoustic/Electric Soprano Ukulele","/prod/TWU1-CE/Tanglewood-TWU1-CE-Union-Series-Cutaway-Acoustic_Electric-Soprano-Ukulele.aspx","http://www.allansbillyhyde.com.au/prodcat/Folk-and-Bluegrass.aspx"
"Tanglewood TWB PRO-5 Cove Creek Series 5 String Banjo","/prod/TWBPRO-5/Tanglewood-TWB-PRO-5-Cove-Creek-Series-5-String-Banjo.aspx","http://www.allansbillyhyde.com.au/prodcat/Folk-and-Bluegrass.aspx"
"Kealoha U40 Ukulele w/Bag (White)","/prod/UK40WHITE/Kealoha-U40-Ukulele-w_Bag-(White).aspx","http://www.allansbillyhyde.com.au/prodcat/Folk-and-Bluegrass.aspx"
"Kealoha U40 Ukulele w/Bag (Yellow)","/prod/UK40YELLOW/Kealoha-U40-Ukulele-w_Bag-(Yellow).aspx","http://www.allansbillyhyde.com.au/prodcat/Folk-and-Bluegrass.aspx"
"Oakridge LSG100 Lap Steel Guitar w/Gig Bag (Metallic Blue)","/prod/102LSG100MB/Oakridge-LSG100-Lap-Steel-Guitar-w_Gig-Bag-(Metallic-Blue).aspx","http://www.allansbillyhyde.com.au/prodcat/Folk-and-Bluegrass.aspx"
"Hohner 560 Special 20 Classic Key C#/Db Diatonic Harmonica","/prod/560DB/Hohner-560-Special-20-Classic-Key-C!_Db-Diatonic-Harmonica.aspx","http://www.allansbillyhyde.com.au/prodcat/Folk-and-Bluegrass.aspx"
"Hohner 560 Special 20 Classic Key D#/Eb Diatonic Harmonica","/prod/560EB/Hohner-560-Special-20-Classic-Key-D!_Eb-Diatonic-Harmonica.aspx","http://www.allansbillyhyde.com.au/prodcat/Folk-and-Bluegrass.aspx"
"Hohner 560 Special 20 Classic Key F#/Gb Diatonic Harmonica","/prod/560GB/Hohner-560-Special-20-Classic-Key-F!_Gb-Diatonic-Harmonica.aspx","http://www.allansbillyhyde.com.au/prodcat/Folk-and-Bluegrass.aspx"
"Hohner 562 Pro Harp 20 Reed Key A Diatonic Harmonica","/prod/562A/Hohner-562-Pro-Harp-20-Reed-Key-A-Diatonic-Harmonica.aspx","http://www.allansbillyhyde.com.au/prodcat/Folk-and-Bluegrass.aspx"
"Hohner 562 Pro Harp 20 Reed Key G#/Ab Diatonic Harmonica","/prod/562AB/Hohner-562-Pro-Harp-20-Reed-Key-G!_Ab-Diatonic-Harmonica.aspx","http://www.allansbillyhyde.com.au/prodcat/Folk-and-Bluegrass.aspx"
"Hohner 562 Pro Harp 20 Reed Key B Diatonic Harmonica","/prod/562B/Hohner-562-Pro-Harp-20-Reed-Key-B-Diatonic-Harmonica.aspx","http://www.allansbillyhyde.com.au/prodcat/Folk-and-Bluegrass.aspx"
"Hohner 562 Pro Harp 20 Reed Key A#/Bb Diatonic Harmonica","/prod/562BB/Hohner-562-Pro-Harp-20-Reed-Key-A!_Bb-Diatonic-Harmonica.aspx","http://www.allansbillyhyde.com.au/prodcat/Folk-and-Bluegrass.aspx"
"Hohner 562 Pro Harp 20 Reed Key D Diatonic Harmonica","/prod/562D/Hohner-562-Pro-Harp-20-Reed-Key-D-Diatonic-Harmonica.aspx","http://www.allansbillyhyde.com.au/prodcat/Folk-and-Bluegrass.aspx"
"Hohner 562 Pro Harp 20 Reed Key C#/Db Diatonic Harmonica","/prod/562DB/Hohner-562-Pro-Harp-20-Reed-Key-C!_Db-Diatonic-Harmonica.aspx","http://www.allansbillyhyde.com.au/prodcat/Folk-and-Bluegrass.aspx"
"Hohner 562 Pro Harp 20 Reed Key E Diatonic Harmonica","/prod/562E/Hohner-562-Pro-Harp-20-Reed-Key-E-Diatonic-Harmonica.aspx","http://www.allansbillyhyde.com.au/prodcat/Folk-and-Bluegrass.aspx"
"Hohner 562 Pro Harp 20 Reed Key G Diatonic Harmonica","/prod/562G/Hohner-562-Pro-Harp-20-Reed-Key-G-Diatonic-Harmonica.aspx","http://www.allansbillyhyde.com.au/prodcat/Folk-and-Bluegrass.aspx"
"Hohner 532 Blues Harp 20 Reed Key A Diatonic Harmonica","/prod/532A/Hohner-532-Blues-Harp-20-Reed-Key-A-Diatonic-Harmonica.aspx","http://www.allansbillyhyde.com.au/prodcat/Folk-and-Bluegrass.aspx"
"Hohner 532 Blues Harp 20 Reed Key G#/Ab Diatonic Harmonica","/prod/532AB/Hohner-532-Blues-Harp-20-Reed-Key-G!_Ab-Diatonic-Harmonica.aspx","http://www.allansbillyhyde.com.au/prodcat/Folk-and-Bluegrass.aspx"
"Hohner 532 Blues Harp 20 Reed Key B Diatonic Harmonica","/prod/532B/Hohner-532-Blues-Harp-20-Reed-Key-B-Diatonic-Harmonica.aspx","http://www.allansbillyhyde.com.au/prodcat/Folk-and-Bluegrass.aspx"
"Hohner 532 Blues Harp 20 Reed Key A#/Bb Diatonic Harmonica","/prod/532BB/Hohner-532-Blues-Harp-20-Reed-Key-A!_Bb-Diatonic-Harmonica.aspx","http://www.allansbillyhyde.com.au/prodcat/Folk-and-Bluegrass.aspx"
"Hohner 532 Blues Harp 20 Reed Key C#/Db Diatonic Harmonica","/prod/532DB/Hohner-532-Blues-Harp-20-Reed-Key-C!_Db-Diatonic-Harmonica.aspx","http://www.allansbillyhyde.com.au/prodcat/Folk-and-Bluegrass.aspx"
"Hohner 532 Blues Harp 20 Reed Key E Diatonic Harmonica","/prod/532E/Hohner-532-Blues-Harp-20-Reed-Key-E-Diatonic-Harmonica.aspx","http://www.allansbillyhyde.com.au/prodcat/Folk-and-Bluegrass.aspx"
"Hohner 532 Blues Harp 20 Reed Key D#/Eb Diatonic Harmonica","/prod/532EB/Hohner-532-Blues-Harp-20-Reed-Key-D!_Eb-Diatonic-Harmonica.aspx","http://www.allansbillyhyde.com.au/prodcat/Folk-and-Bluegrass.aspx"
"Hohner 532 Blues Harp 20 Reed Key F Diatonic Harmonica","/prod/532F/Hohner-532-Blues-Harp-20-Reed-Key-F-Diatonic-Harmonica.aspx","http://www.allansbillyhyde.com.au/prodcat/Folk-and-Bluegrass.aspx"
"Hohner 504 Silver Star 20 Key A Diatonic Harmonica","/prod/504A/Hohner-504-Silver-Star-20-Key-A-Diatonic-Harmonica.aspx","http://www.allansbillyhyde.com.au/prodcat/Folk-and-Bluegrass.aspx"
"Gibson SMG-BMS 11-41 Bill Monroe Mandolin Strings","/prod/711106532516/Gibson-SMG-BMS-11-41-Bill-Monroe-Mandolin-Strings.aspx","http://www.allansbillyhyde.com.au/prodcat/Folk-and-Bluegrass.aspx"
"Gibson SMG-SBS 11-41 Sam Bush Mandolin Strings","/prod/711106532974/Gibson-SMG-SBS-11-41-Sam-Bush-Mandolin-Strings.aspx","http://www.allansbillyhyde.com.au/prodcat/Folk-and-Bluegrass.aspx"
"Gibson SBG-571M Medium Banjo Strings","/prod/711106530918/Gibson-SBG-571M-Medium-Banjo-Strings.aspx","http://www.allansbillyhyde.com.au/prodcat/Folk-and-Bluegrass.aspx"
"D'Addario J61 10-23 Nickel Wound Medium 5-String Banjo Strings","/prod/DAEJ61/D'Addario-J61-10-23-Nickel-Wound-Medium-5-String-Banjo-Strings.aspx","http://www.allansbillyhyde.com.au/prodcat/Folk-and-Bluegrass.aspx"
"D'Addario J67 11-39 Nickel Medium 8-String Mandolin Strings","/prod/DAJ67/D'Addario-J67-11-39-Nickel-Medium-8-String-Mandolin-Strings.aspx","http://www.allansbillyhyde.com.au/prodcat/Folk-and-Bluegrass.aspx"
"D'Addario J74 11-40 Phosphor Bronze Medium 8-String Mandolin Strings","/prod/DAJ74/D'Addario-J74-11-40-Phosphor-Bronze-Medium-8-String-Mandolin-Strings.aspx","http://www.allansbillyhyde.com.au/prodcat/Folk-and-Bluegrass.aspx"
"Elixir Nanoweb 11-40 Medium Mandolin Strings","/prod/EL11525/Elixir-Nanoweb-11-40-Medium-Mandolin-Strings.aspx","http://www.allansbillyhyde.com.au/prodcat/Folk-and-Bluegrass.aspx"
"Ernie Ball Earthwood 5-String Banjo Bluegrass Strings","/prod/1EB2063/Ernie-Ball-Earthwood-5-String-Banjo-Bluegrass-Strings.aspx","http://www.allansbillyhyde.com.au/prodcat/Folk-and-Bluegrass.aspx"
"Hohner HAC007 Chromatic Harmonica Holder","/prod/HAC007/Hohner-HAC007-Chromatic-Harmonica-Holder.aspx","http://www.allansbillyhyde.com.au/prodcat/Folk-and-Bluegrass.aspx"
"Hohner HH01 Diatonic Harmonica Holder","/prod/HH01/Hohner-HH01-Diatonic-Harmonica-Holder.aspx","http://www.allansbillyhyde.com.au/prodcat/Folk-and-Bluegrass.aspx"
"Hohner 1896 Marine Band 20 Reed Key G#/Ab Diatonic Harmonica","/prod/1896AB/Hohner-1896-Marine-Band-20-Reed-Key-G!_Ab-Diatonic-Harmonica.aspx","http://www.allansbillyhyde.com.au/prodcat/Folk-and-Bluegrass.aspx"
"Hohner 1896 Marine Band 20 Reed Key B Diatonic Harmonica","/prod/1896B/Hohner-1896-Marine-Band-20-Reed-Key-B-Diatonic-Harmonica.aspx","http://www.allansbillyhyde.com.au/prodcat/Folk-and-Bluegrass.aspx"
"Hohner 1896 Marine Band 20 Reed Key Bb Diatonic Harmonica","/prod/1896BB/Hohner-1896-Marine-Band-20-Reed-Key-Bb-Diatonic-Harmonica.aspx","http://www.allansbillyhyde.com.au/prodcat/Folk-and-Bluegrass.aspx"
"Hohner 1896 Marine Band 20 Reed Key C#/Db Diatonic Harmonica","/prod/1896DB/Hohner-1896-Marine-Band-20-Reed-Key-C!_Db-Diatonic-Harmonica.aspx","http://www.allansbillyhyde.com.au/prodcat/Folk-and-Bluegrass.aspx"
"Hohner 1896 Marine Band 20 Reed Key D#/Eb Diatonic Harmonica","/prod/1896EB/Hohner-1896-Marine-Band-20-Reed-Key-D!_Eb-Diatonic-Harmonica.aspx","http://www.allansbillyhyde.com.au/prodcat/Folk-and-Bluegrass.aspx"
"Hohner Marine Band Deluxe 20 Reed Key E Diatonic Harmonica","/prod/2005E/Hohner-Marine-Band-Deluxe-20-Reed-Key-E-Diatonic-Harmonica.aspx","http://www.allansbillyhyde.com.au/prodcat/Folk-and-Bluegrass.aspx"
"Hohner 504 Silver Star 20 Key A#/Bb Diatonic Harmonica","/prod/504BB/Hohner-504-Silver-Star-20-Key-A!_Bb-Diatonic-Harmonica.aspx","http://www.allansbillyhyde.com.au/prodcat/Folk-and-Bluegrass.aspx"
"Hohner 504 Silver Star 20 Key D Diatonic Harmonica","/prod/504D/Hohner-504-Silver-Star-20-Key-D-Diatonic-Harmonica.aspx","http://www.allansbillyhyde.com.au/prodcat/Folk-and-Bluegrass.aspx"
"Hohner 504 Silver Star 20 Key E Diatonic Harmonica","/prod/504E/Hohner-504-Silver-Star-20-Key-E-Diatonic-Harmonica.aspx","http://www.allansbillyhyde.com.au/prodcat/Folk-and-Bluegrass.aspx"
"Hohner 504 Silver Star 20 Key G Diatonic Harmonica","/prod/504G/Hohner-504-Silver-Star-20-Key-G-Diatonic-Harmonica.aspx","http://www.allansbillyhyde.com.au/prodcat/Folk-and-Bluegrass.aspx"
"Epiphone® Biscuit Dobro Hard Case","/prod/940-EBICS/Epiphone®-Biscuit-Dobro-Hard-Case.aspx","http://www.allansbillyhyde.com.au/prodcat/Folk-and-Bluegrass.aspx"
"Epiphone® A-Style Mandolin Hard Case","/prod/940-ED20/Epiphone®-A-Style-Mandolin-Hard-Case.aspx","http://www.allansbillyhyde.com.au/prodcat/Folk-and-Bluegrass.aspx"
"Epiphone® F-Style Mandolin Hard Case","/prod/940-ED50/Epiphone®-F-Style-Mandolin-Hard-Case.aspx","http://www.allansbillyhyde.com.au/prodcat/Folk-and-Bluegrass.aspx"
"Martin 12-56 Bluegrass Light-Medium Acoustic Guitar Strings","/prod/729789102407/Martin-12-56-Bluegrass-Light-Medium-Acoustic-Guitar-Strings.aspx","http://www.allansbillyhyde.com.au/prodcat/Folk-and-Bluegrass.aspx"
"Boss DB-60 Dr Beat Digital Metronome","/prod/DB60/Boss-DB-60-Dr-Beat-Digital-Metronome.aspx","http://www.allansbillyhyde.com.au/prodcat/Folk-and-Bluegrass.aspx"
"Boss DB-90 Dr Beat Digital Metronome","/prod/DB90/Boss-DB-90-Dr-Beat-Digital-Metronome.aspx","http://www.allansbillyhyde.com.au/prodcat/Folk-and-Bluegrass.aspx"
"D'Addario EJ42 16-56 Resophonic Acoustic Guitar Strings","/prod/DAEJ42/D'Addario-EJ42-16-56-Resophonic-Acoustic-Guitar-Strings.aspx","http://www.allansbillyhyde.com.au/prodcat/Folk-and-Bluegrass.aspx"
"Ernie Ball 9-34 Earthwood Light Mandolin Strings","/prod/1EB2067/Ernie-Ball-9-34-Earthwood-Light-Mandolin-Strings.aspx","http://www.allansbillyhyde.com.au/prodcat/Folk-and-Bluegrass.aspx"
"Hohner Chrometta 10 Hole Key C Chromatic Harmonica","/prod/253C/Hohner-Chrometta-10-Hole-Key-C-Chromatic-Harmonica.aspx","http://www.allansbillyhyde.com.au/prodcat/Folk-and-Bluegrass.aspx"
"Hohner Chrometta 12 Hole Key G Chromatic Harmonica","/prod/255G/Hohner-Chrometta-12-Hole-Key-G-Chromatic-Harmonica.aspx","http://www.allansbillyhyde.com.au/prodcat/Folk-and-Bluegrass.aspx"
"Lanikai Baritone Padded Ukulele Bag (Black)","/prod/LUHSS614PS/Lanikai-Baritone-Padded-Ukulele-Bag-(Black).aspx","http://www.allansbillyhyde.com.au/prodcat/Folk-and-Bluegrass.aspx"
"Lanikai UC-B Baritone Ukulele Hard Case","/prod/LUUCBS/Lanikai-UC-B-Baritone-Ukulele-Hard-Case.aspx","http://www.allansbillyhyde.com.au/prodcat/Folk-and-Bluegrass.aspx"
"Lanikai UC-S Soprano Ukulele Hard Case","/prod/LUUCSS/Lanikai-UC-S-Soprano-Ukulele-Hard-Case.aspx","http://www.allansbillyhyde.com.au/prodcat/Folk-and-Bluegrass.aspx"
"Lanikai UC-T Tenor Ukulele Hard Case","/prod/LUUCTS/Lanikai-UC-T-Tenor-Ukulele-Hard-Case.aspx","http://www.allansbillyhyde.com.au/prodcat/Folk-and-Bluegrass.aspx"
"Wittner Taktell Super Mini Metronome (Black)","/prod/886051/Wittner-Taktell-Super-Mini-Metronome-(Black).aspx","http://www.allansbillyhyde.com.au/prodcat/Folk-and-Bluegrass.aspx"
"Wittner Taktell Super Mini Metronome (Ivory)","/prod/882051/Wittner-Taktell-Super-Mini-Metronome-(Ivory).aspx","http://www.allansbillyhyde.com.au/prodcat/Folk-and-Bluegrass.aspx"
"Wittner Taktell Super Mini Metronome (Ruby Red)","/prod/884051/Wittner-Taktell-Super-Mini-Metronome-(Ruby-Red).aspx","http://www.allansbillyhyde.com.au/prodcat/Folk-and-Bluegrass.aspx"
"Wittner MT40 Credit Card Digital Metronome","/prod/736021464728/Wittner-MT40-Credit-Card-Digital-Metronome.aspx","http://www.allansbillyhyde.com.au/prodcat/Folk-and-Bluegrass.aspx"
"La Bella No. 11 Senorita Soprano Ukulele Strings","/prod/245/11/La-Bella-No.-11-Senorita-Soprano-Ukulele-Strings.aspx","http://www.allansbillyhyde.com.au/prodcat/Folk-and-Bluegrass.aspx"
"Aquila GCEA Nylgut Tenor Regular Tuning Ukulele Strings","/prod/AQ10U/Aquila-GCEA-Nylgut-Tenor-Regular-Tuning-Ukulele-Strings.aspx","http://www.allansbillyhyde.com.au/prodcat/Folk-and-Bluegrass.aspx"
"Epiphone® Dobro® Hound Dog Deluxe Roundneck Guitar w/Pickup (Vintage Brown)","/prod/DWHOUNDLX/Epiphone®-Dobro®-Hound-Dog-Deluxe-Roundneck-Guitar-w_Pickup-(Vintage-Brown).aspx","http://www.allansbillyhyde.com.au/prodcat/Folk-and-Bluegrass.aspx"
"DSL Mandolin Strap (Black/Black)","/prod/MANDOLIN-15/DSL-Mandolin-Strap-(Black_Black).aspx","http://www.allansbillyhyde.com.au/prodcat/Folk-and-Bluegrass.aspx"
"DSL 2.5"" Leather Banjo Strap (Brown/Brown)","/prod/BANJO-17/DSL-2.5-Leather-Banjo-Strap-(Brown_Brown).aspx","http://www.allansbillyhyde.com.au/prodcat/Folk-and-Bluegrass.aspx"
"Ernie Ball 10-36 Earthwood Medium Mandolin Strings","/prod/1EB2065/Ernie-Ball-10-36-Earthwood-Medium-Mandolin-Strings.aspx","http://www.allansbillyhyde.com.au/prodcat/Folk-and-Bluegrass.aspx"
"Adam Adjustable Harmonica Holder","/prod/GB614/Adam-Adjustable-Harmonica-Holder.aspx","http://www.allansbillyhyde.com.au/prodcat/Folk-and-Bluegrass.aspx"
"Hohner 560 Special 20 Classic Key A#/Bb Diatonic Harmonica","/prod/560BB/Hohner-560-Special-20-Classic-Key-A!_Bb-Diatonic-Harmonica.aspx","http://www.allansbillyhyde.com.au/prodcat/Folk-and-Bluegrass.aspx"
"Hohner 562 Pro Harp 20 Reed Key D#/Eb Diatonic Harmonica","/prod/562EB/Hohner-562-Pro-Harp-20-Reed-Key-D!_Eb-Diatonic-Harmonica.aspx","http://www.allansbillyhyde.com.au/prodcat/Folk-and-Bluegrass.aspx"
"Hohner 562 Pro Harp 20 Reed Key F#/Gb Diatonic Harmonica","/prod/562GB/Hohner-562-Pro-Harp-20-Reed-Key-F!_Gb-Diatonic-Harmonica.aspx","http://www.allansbillyhyde.com.au/prodcat/Folk-and-Bluegrass.aspx"
"Hohner 532 Blues Harp 20 Reed Key F#/Gb Diatonic Harmonica","/prod/532GB/Hohner-532-Blues-Harp-20-Reed-Key-F!_Gb-Diatonic-Harmonica.aspx","http://www.allansbillyhyde.com.au/prodcat/Folk-and-Bluegrass.aspx"
"Hohner 504 Silver Star 20 Key F Diatonic Harmonica","/prod/504F/Hohner-504-Silver-Star-20-Key-F-Diatonic-Harmonica.aspx","http://www.allansbillyhyde.com.au/prodcat/Folk-and-Bluegrass.aspx"
"Tanglewood TWB24-M5 Union Series 5 String Banjo","/prod/TWB24-M5/Tanglewood-TWB24-M5-Union-Series-5-String-Banjo.aspx","http://www.allansbillyhyde.com.au/prodcat/Folk-and-Bluegrass.aspx"
"Wittner 817K Ivory Plastic Metronome","/prod/817K/Wittner-817K-Ivory-Plastic-Metronome.aspx","http://www.allansbillyhyde.com.au/prodcat/Folk-and-Bluegrass.aspx"
"Wittner 818 Oak Brown Wood Metronome W/Bell (Matte Finish)","/prod/818/Wittner-818-Oak-Brown-Wood-Metronome-W_Bell-(Matte-Finish).aspx","http://www.allansbillyhyde.com.au/prodcat/Folk-and-Bluegrass.aspx"
"Wittner 816M Black Wood Metronome W/Bell (Matte Finish)","/prod/816M/Wittner-816M-Black-Wood-Metronome-W_Bell-(Matte-Finish).aspx","http://www.allansbillyhyde.com.au/prodcat/Folk-and-Bluegrass.aspx"
"Wittner 811M Mahogany Wood Metronome W/Bell (Matte Finish)","/prod/811M/Wittner-811M-Mahogany-Wood-Metronome-W_Bell-(Matte-Finish).aspx","http://www.allansbillyhyde.com.au/prodcat/Folk-and-Bluegrass.aspx"
"Wittner 813M Walnut Wood Metronome W/Bell (Matte Finish)","/prod/813M/Wittner-813M-Walnut-Wood-Metronome-W_Bell-(Matte-Finish).aspx","http://www.allansbillyhyde.com.au/prodcat/Folk-and-Bluegrass.aspx"
"Wittner 813M Walnut Wood Metronome W/Bell (Matte Finish)","/prod/00510/Wittner-813M-Walnut-Wood-Metronome-W_Bell-(Matte-Finish).aspx","http://www.allansbillyhyde.com.au/prodcat/Folk-and-Bluegrass.aspx"
"Wittner 816M Black Wood Metronome W/Bell (Matte Finish)","/prod/00520/Wittner-816M-Black-Wood-Metronome-W_Bell-(Matte-Finish).aspx","http://www.allansbillyhyde.com.au/prodcat/Folk-and-Bluegrass.aspx"
"Wittner 814K Walnut Plastic Metronome","/prod/W814K/Wittner-814K-Walnut-Plastic-Metronome.aspx","http://www.allansbillyhyde.com.au/prodcat/Folk-and-Bluegrass.aspx"
"Wittner W831 Taktell Piccolo Metronome (Brown)","/prod/W831/Wittner-W831-Taktell-Piccolo-Metronome-(Brown).aspx","http://www.allansbillyhyde.com.au/prodcat/Folk-and-Bluegrass.aspx"
"Wittner 814K Walnut Plastic Metronome","/prod/814K/Wittner-814K-Walnut-Plastic-Metronome.aspx","http://www.allansbillyhyde.com.au/prodcat/Folk-and-Bluegrass.aspx"
"Wittner 816K Black Plastic Metronome","/prod/816K/Wittner-816K-Black-Plastic-Metronome.aspx","http://www.allansbillyhyde.com.au/prodcat/Folk-and-Bluegrass.aspx"
"Hohner Chromonica 64/280 Key C Chromatic Harmonica","/prod/15-62640/Hohner-Chromonica-64_280-Key-C-Chromatic-Harmonica.aspx","http://www.allansbillyhyde.com.au/prodcat/Folk-and-Bluegrass.aspx"
"Colonial Leather Webbing Ukulele Strap (Black)","/prod/WUKE-BK/Colonial-Leather-Webbing-Ukulele-Strap-(Black).aspx","http://www.allansbillyhyde.com.au/prodcat/Folk-and-Bluegrass.aspx"
"Tanglewood TWU7XSPL Cove Creek Concert Ukulele (Spalt Maple)","/prod/TWU7XSPL/Tanglewood-TWU7XSPL-Cove-Creek-Concert-Ukulele-(Spalt-Maple).aspx","http://www.allansbillyhyde.com.au/prodcat/Folk-and-Bluegrass.aspx"
"On Stage GS6000 Folding Ukulele Stand","/prod/OSGS6000B/On-Stage-GS6000-Folding-Ukulele-Stand.aspx","http://www.allansbillyhyde.com.au/prodcat/Folk-and-Bluegrass.aspx"
"Tanglewood TWU1 Union Series Soprano Ukulele","/prod/TWU1/Tanglewood-TWU1-Union-Series-Soprano-Ukulele.aspx","http://www.allansbillyhyde.com.au/prodcat/Folk-and-Bluegrass.aspx"
"Eastman MD505 A-Style Mandolin","/prod/MD505/Eastman-MD505-A-Style-Mandolin.aspx","http://www.allansbillyhyde.com.au/prodcat/Folk-and-Bluegrass.aspx"
"Used - Dobro Etched Palm Tree Resonator Guitar","/prod/SFP423590B/Used---Dobro-Etched-Palm-Tree-Resonator-Guitar.aspx","http://www.allansbillyhyde.com.au/prodcat/Folk-and-Bluegrass.aspx"
"Used - Dobro Etched Palm Tree Resonator Guitar","/prod/SFN112794B/Used---Dobro-Etched-Palm-Tree-Resonator-Guitar.aspx","http://www.allansbillyhyde.com.au/prodcat/Folk-and-Bluegrass.aspx"
"DSL 2.5"" Leather Banjo Strap (Black)","/prod/BANJO-15/DSL-2.5-Leather-Banjo-Strap-(Black).aspx","http://www.allansbillyhyde.com.au/prodcat/Folk-and-Bluegrass.aspx"
"DSL 2.5"" Leather Banjo Strap (Tan/Brown)","/prod/BANJO-16/DSL-2.5-Leather-Banjo-Strap-(Tan_Brown).aspx","http://www.allansbillyhyde.com.au/prodcat/Folk-and-Bluegrass.aspx"
"Hohner Kids Harmonica","/prod/91600/Hohner-Kids-Harmonica.aspx","http://www.allansbillyhyde.com.au/prodcat/Folk-and-Bluegrass.aspx"
"Epiphone® MM-50 Mandolin (Vintage Sunburst)","/prod/EF50VSNH1/Epiphone®-MM-50-Mandolin-(Vintage-Sunburst).aspx","http://www.allansbillyhyde.com.au/prodcat/Folk-and-Bluegrass.aspx"
"Deering Goodtime Two™ 5 String Banjo w/Resonator","/prod/149103-5/Deering-Goodtime-Two™-5-String-Banjo-w_Resonator.aspx","http://www.allansbillyhyde.com.au/prodcat/Folk-and-Bluegrass.aspx"
"Eastman MD615 F-Style Mandolin","/prod/MD615/Eastman-MD615-F-Style-Mandolin.aspx","http://www.allansbillyhyde.com.au/prodcat/Folk-and-Bluegrass.aspx"
"Eastman MD305 A-Style Mandolin","/prod/MD305/Eastman-MD305-A-Style-Mandolin.aspx","http://www.allansbillyhyde.com.au/prodcat/Folk-and-Bluegrass.aspx"
"Hohner 562 Pro Harp 20 Reed Key F Diatonic Harmonica","/prod/15-M564066x/Hohner-562-Pro-Harp-20-Reed-Key-F-Diatonic-Harmonica.aspx","http://www.allansbillyhyde.com.au/prodcat/Folk-and-Bluegrass.aspx"
"Hohner 562 Pro Harp 20 Reed Key C Diatonic Harmonica","/prod/15-M564016x/Hohner-562-Pro-Harp-20-Reed-Key-C-Diatonic-Harmonica.aspx","http://www.allansbillyhyde.com.au/prodcat/Folk-and-Bluegrass.aspx"
"Hohner 560 Special 20 Classic Key A Diatonic Harmonica","/prod/15-M560106x/Hohner-560-Special-20-Classic-Key-A-Diatonic-Harmonica.aspx","http://www.allansbillyhyde.com.au/prodcat/Folk-and-Bluegrass.aspx"
"Hohner 560 Special 20 Classic Key F Diatonic Harmonica","/prod/15-M560066x/Hohner-560-Special-20-Classic-Key-F-Diatonic-Harmonica.aspx","http://www.allansbillyhyde.com.au/prodcat/Folk-and-Bluegrass.aspx"
"Hohner 560 Special 20 Classic Key E Diatonic Harmonica","/prod/15-M560056x/Hohner-560-Special-20-Classic-Key-E-Diatonic-Harmonica.aspx","http://www.allansbillyhyde.com.au/prodcat/Folk-and-Bluegrass.aspx"
